-- phpMyAdmin SQL Dump
-- version 4.7.0
-- https://www.phpmyadmin.net/
--
-- Host: 127.0.0.1
-- Generation Time: Aug 04, 2017 at 09:47 PM
-- Server version: 10.1.25-MariaDB
-- PHP Version: 7.1.7

SET SQL_MODE = "NO_AUTO_VALUE_ON_ZERO";
SET AUTOCOMMIT = 0;
START TRANSACTION;
SET time_zone = "+00:00";


/*!40101 SET @OLD_CHARACTER_SET_CLIENT=@@CHARACTER_SET_CLIENT */;
/*!40101 SET @OLD_CHARACTER_SET_RESULTS=@@CHARACTER_SET_RESULTS */;
/*!40101 SET @OLD_COLLATION_CONNECTION=@@COLLATION_CONNECTION */;
/*!40101 SET NAMES utf8mb4 */;

--
-- Database: `db`
--

-- --------------------------------------------------------

--
-- Table structure for table `account`
--

CREATE TABLE `account` (
  `id` bigint(20) NOT NULL,
  `name` varchar(100) DEFAULT NULL,
  `email` varchar(100) DEFAULT NULL,
  `password_hash` varchar(1000) DEFAULT NULL,
  `registration_date` datetime DEFAULT NULL
) ENGINE=InnoDB DEFAULT CHARSET=latin1;

--
-- Dumping data for table `account`
--

INSERT INTO `account` (`id`, `name`, `email`, `password_hash`, `registration_date`) VALUES
(1, 'Polina', 'polina@mail.ru', '827ccb0eea8a706c4c34a16891f84e7b', '2017-07-31 06:07:11'),
(2, 'TestUser', 'testuser@test.ru', '5d9c68c6c50ed3d02a2fcf54f63993b6', '2017-07-31 09:11:35');

-- --------------------------------------------------------

--
-- Table structure for table `airplane`
--

CREATE TABLE `airplane` (
  `id` bigint(20) NOT NULL,
  `name` varchar(50) NOT NULL,
  `capacity_econom` int(11) NOT NULL,
  `capacity_business` int(11) NOT NULL
) ENGINE=InnoDB DEFAULT CHARSET=latin1;

--
-- Dumping data for table `airplane`
--

INSERT INTO `airplane` (`id`, `name`, `capacity_econom`, `capacity_business`) VALUES
(1, 'TU-134', 80, 8),
(2, 'TU-154', 152, 24),
(3, 'Airbus A310', 183, 12),
(4, 'Airbus A320', 149, 12),
(5, 'Boeing-737-600', 122, 0),
(6, 'Boeing-737-700', 145, 12),
(7, 'Boeing-737-800', 168, 18),
(8, 'Boeing-737-900', 192, 36),
(9, 'Boeing-747-200', 298, 66);

-- --------------------------------------------------------

--
-- Table structure for table `airport`
--

CREATE TABLE `airport` (
  `id` bigint(20) NOT NULL,
  `code` varchar(100) DEFAULT NULL,
  `city` varchar(100) DEFAULT NULL,
  `airport_name` varchar(100) DEFAULT NULL,
  `latitude` double NOT NULL,
  `longitude` double NOT NULL
) ENGINE=InnoDB DEFAULT CHARSET=latin1;

--
-- Dumping data for table `airport`
--

INSERT INTO `airport` (`id`, `code`, `city`, `airport_name`, `latitude`, `longitude`) VALUES
(1, 'AAQ', 'Anapa Vityazevo Airport', 'Anapa', 45.002101898193, 37.347301483154),
(2, 'ABA', 'Abakan Airport', 'Abakan', 53.7400016784668, 91.38500213623047),
(3, 'ACS', 'Achinsk Airport', 'Achinsk', 56.2682991027832, 90.57080078125),
(4, 'ADH', 'Aldan Airport', 'Aldan', 58.60279846191406, 125.40899658203125),
(5, 'AER', 'Sochi International Airport', 'Sochi', 43.449901580811, 39.956600189209),
(6, 'AGF', 'Agen-La Garenne Airport', 'Agen', 44.17470169067383, 0.5905560255050659),
(7, 'AJA', 'Ajaccio-Napoléon Bonaparte Airport', 'Ajaccio', 41.92359924316406, 8.8029203414917),
(8, 'AMV', 'Amderma Airport', 'Amderma', 69.76329803466797, 61.556400299072266),
(9, 'ANE', 'Angers-Loire Airport', 'Angers-Marcé', 47.560298919677734, -0.3122220039367676),
(10, 'ANG', 'Angoulême-Brie-Champniers Airport', 'Angouleme', 45.72919845581055, 0.22145600616931915),
(11, 'ARH', 'Talagi Airport', 'Arkhangelsk', 64.60030364990234, 40.71670150756836),
(12, 'ASF', 'Astrakhan Airport', 'Astrakhan', 46.2832984924, 48.0063018799),
(13, 'AUF', 'Auxerre-Branches Airport', 'Auxerre', 47.85020065307617, 3.497109889984131),
(14, 'AUR', 'Aurillac Airport', 'Aurillac', 44.89139938354492, 2.4219400882720947),
(15, 'AVN', 'Avignon-Caumont Airport', 'Avignon', 43.90729904174805, 4.901830196380615),
(16, 'BAX', 'Barnaul Airport', 'Barnaul', 53.363800048828125, 83.53849792480469),
(17, 'BES', 'Brest Bretagne Airport', 'Brest', 48.447898864746094, -4.418540000915527),
(18, 'BIA', 'Bastia-Poretta Airport', 'Bastia', 42.55270004272461, 9.48373031616211),
(19, 'BIQ', 'Biarritz-Anglet-Bayonne Airport', 'Biarritz-bayonne', 43.4683333, -1.5311111),
(20, 'BKA', 'Bykovo Airport', 'Moscow', 55.6171989441, 38.0600013733),
(21, 'BOD', 'Bordeaux-Mérignac Airport', 'Bordeaux', 44.828300476100004, -0.715556025505),
(22, 'BOR', 'Fontaine Airport', 'Belfort', 47.655601501465, 7.0108299255371),
(23, 'BOU', 'Bourges Airport', 'Bourges', 47.058101654052734, 2.3702800273895264),
(24, 'BQS', 'Ignatyevo Airport', 'Blagoveschensk', 50.42539978027344, 127.41200256347656),
(25, 'BSL', 'EuroAirport Basel-Mulhouse-Freiburg Airport', 'Mulhouse', 47.59, 7.5291667),
(26, 'BTK', 'Bratsk Airport', 'Bratsk', 56.370601654052734, 101.697998046875),
(27, 'BVA', 'Paris Beauvais Tillé Airport', 'Beauvais', 49.45439910888672, 2.1127800941467285),
(28, 'BVE', 'Toul Rosières Air Base', 'Brive', 48.780001, 5.980003),
(29, 'BWO', 'Balakovo Airport', 'Balakovo', 51.8582992554, 47.7456016541),
(30, 'BZK', 'Bryansk Airport', 'Bryansk', 53.214199066199996, 34.176399231),
(31, 'BZR', 'Béziers-Vias Airport', 'Beziers', 43.32350158691406, 3.3538999557495117),
(32, 'CCF', 'Carcassonne Airport', 'Carcassonne', 43.215999603271484, 2.3063199520111084),
(33, 'CDG', 'Charles de Gaulle International Airport', 'Paris', 49.0127983093, 2.54999995232),
(34, 'CEE', 'Cherepovets Airport', 'Cherepovets', 59.273601532, 38.015800476100004),
(35, 'CEK', 'Chelyabinsk Balandino Airport', 'Chelyabinsk', 55.305801, 61.5033),
(36, 'CEQ', 'Cannes-Mandelieu Airport', 'Cannes', 43.54199981689453, 6.953479766845703),
(37, 'CER', 'Cherbourg-Maupertus Airport', 'Cherbourg', 49.65010070800781, -1.4702800512313843),
(38, 'CET', 'Cholet Le Pontreau Airport', 'Cholet', 47.08209991455078, -0.8770639896392822),
(39, 'CFE', 'Clermont-Ferrand Auvergne Airport', 'Clermont-Ferrand', 45.7867012024, 3.1691699028),
(40, 'CFR', 'Caen-Carpiquet Airport', 'Caen', 49.173301696777344, -0.44999998807907104),
(41, 'CHR', '\"Châteauroux-Déols Marcel Dassault\"\" Airport\"\"\"', 'Chateauroux', 46.86027778, 1.7211111),
(42, 'CKH', 'Chokurdakh Airport', 'Chokurdah', 70.62310028076172, 147.90199279785156),
(43, 'CKL', 'Chkalovskiy Airport', 'Shchyolkovo', 55.8782997131, 38.0616989136),
(44, 'CLY', 'Calvi-Sainte-Catherine Airport', 'Calvi', 42.5244444, 8.7930556),
(45, 'CMF', 'Chambéry-Savoie Airport', 'Chambery', 45.638099670410156, 5.880229949951172),
(46, 'CMR', 'Colmar-Houssen Airport', 'Colmar', 48.109901428222656, 7.359010219573975),
(47, 'CNG', 'Cognac-Châteaubernard (BA 709) Air Base', 'Cognac', 45.65829849243164, -0.3174999952316284),
(48, 'CNN', 'Chulman Airport', 'Neryungri', 56.913898468018, 124.91400146484),
(49, 'CQF', 'Calais-Dunkerque Airport', 'Calais', 50.962100982666016, 1.954759955406189),
(50, 'CSF', 'Creil Air Base', 'Creil', 49.253501892089844, 2.5191400051116943),
(51, 'CSH', 'Solovki Airport', 'Solovetsky Islands', 65.0299987793, 35.7333335876),
(52, 'CSY', 'Cheboksary Airport', 'Cheboksary', 56.090301513671875, 47.3473014831543),
(53, 'CTT', 'Le Castellet Airport', 'Le Castellet', 43.252498626708984, 5.785190105438232),
(54, 'CVF', 'Courchevel Airport', 'Courcheval', 45.39670181274414, 6.6347198486328125),
(55, 'CYX', 'Cherskiy Airport', 'Cherskiy', 68.7406005859375, 161.33799743652344),
(56, 'DCM', 'Castres-Mazamet Airport', 'Castres', 43.55630111694336, 2.289180040359497),
(57, 'DEE', 'Cooma Hospital Helipad', 'Yuzhno-Kurilsk', -36.242155, 149.130147),
(58, 'DIJ', 'Dijon-Bourgogne Airport', 'Dijon', 47.268901825, 5.09000015259),
(59, 'DKS', 'Dikson Airport', 'Dikson', 73.51780700683594, 80.37966918945312),
(60, 'DLE', 'Dole-Tavaux Airport', 'Dole', 47.042686, 5.435061),
(61, 'DME', 'Domodedovo International Airport', 'Moscow', 55.40879821777344, 37.90629959106445),
(62, 'DNR', 'Dinard-Pleurtuit-Saint-Malo Airport', 'Dinard', 48.58769989013672, -2.0799601078033447),
(63, 'DOL', 'Deauville-Saint-Gatien Airport', 'Deauville', 49.3652992249, 0.154305994511),
(64, 'DYR', 'Ugolny Airport', 'Anadyr', 64.73490142822266, 177.74099731445312),
(65, 'EBU', 'Saint-Étienne-Bouthéon Airport', 'St-Etienne', 45.54059982299805, 4.296390056610107),
(66, 'EDM', 'La Roche-sur-Yon Airport', 'La Roche-sur-yon', 46.701900482177734, -1.3786300420761108),
(67, 'EGC', 'Bergerac-Roumanière Airport', 'Bergerac', 44.82529830932617, 0.5186110138893127),
(68, 'EGO', 'Belgorod International Airport', 'Belgorod', 50.643798828125, 36.5900993347168),
(69, 'EIE', 'Yeniseysk Airport', 'Yeniseysk', 58.47420120239258, 92.11250305175781),
(70, 'ENC', 'Nancy-Essey Airport', 'Nancy', 48.692100524902344, 6.230460166931152),
(71, 'EPL', 'Épinal-Mirecourt Airport', 'Epinal', 48.32500076293945, 6.069980144500732),
(72, 'ERG', 'Yerbogachen Airport', 'Yerbogachen', 61.2750015259, 108.029998779),
(73, 'ESL', 'Elista Airport', 'Elista', 46.3739013671875, 44.33089828491211),
(74, 'ETZ', 'Metz-Nancy-Lorraine Airport', 'Metz', 48.9821014404, 6.25131988525),
(75, 'EYK', 'Beloyarskiy Airport', 'Beloyarsky', 63.686901092499994, 66.698600769),
(76, 'FNI', 'Nîmes-Arles-Camargue Airport', 'Nimes', 43.75740051269531, 4.4163498878479),
(77, 'FRJ', 'Fréjus Airport', 'Frejus', 43.4175, 6.7357),
(78, 'FSC', 'Figari Sud-Corse Airport', 'Figari', 41.5005989074707, 9.097780227661133),
(79, 'GDX', 'Sokol Airport', 'Magadan', 59.9109992980957, 150.72000122070312),
(80, 'GDZ', 'Gelendzhik Airport', 'Gelendzhik', 44.5820926295, 38.0124807358),
(81, 'GFR', 'Granville Airport', 'Granville', 48.88309860229492, -1.564170002937317),
(82, 'GNB', 'Grenoble-Isère Airport', 'Grenoble', 45.36289978027344, 5.329370021820068),
(83, 'GOJ', 'Nizhny Novgorod Strigino International Airport', 'Nizhniy Novgorod', 56.230098724365, 43.784000396729),
(84, 'GRV', 'Khankala Air Base', 'Grozny', 43.298099517822266, 45.78409957885742),
(85, 'GVN', 'Maygatka Airport.', 'Sovetskaya Gavan', 48.926998138399995, 140.033996582),
(86, 'HMA', 'Khanty Mansiysk Airport', 'Khanty-Mansiysk', 61.028499603271484, 69.08609771728516),
(87, 'HTA', 'Chita-Kadala Airport', 'Chita', 52.026299, 113.306),
(88, 'HTG', 'Khatanga Airport', 'Khatanga', 71.97810363769531, 102.49099731445312),
(89, 'IAA', 'Igarka Airport', 'Igarka', 67.43720245361328, 86.62190246582031),
(90, 'IAR', 'Tunoshna Airport', 'Yaroslavl', 57.560699462890625, 40.15739822387695),
(91, 'IDY', 'Île d\'Yeu Airport', 'Île d\'Yeu', 46.71860122680664, -2.3911099433898926),
(92, 'IGT', 'Magas Airport', 'Magas', 43.322299957300004, 45.0125999451),
(93, 'IJK', 'Izhevsk Airport', 'Izhevsk', 56.82809829711914, 53.45750045776367),
(94, 'IKS', 'Tiksi Airport', 'Tiksi', 71.697700500488, 128.90299987793),
(95, 'IKT', 'Irkutsk Airport', 'Irkutsk', 52.268001556396, 104.38899993896),
(96, 'INA', 'Inta Airport', 'Inta', 66.0548324584961, 60.110321044921875),
(97, 'IWA', 'Ivanovo South Airport', 'Ivanovo', 56.93939971923828, 40.940799713134766),
(98, 'JOK', 'Yoshkar-Ola Airport', 'Yoshkar-Ola', 56.700599670410156, 47.904701232910156),
(99, 'KEJ', 'Kemerovo Airport', 'Kemorovo', 55.27009963989258, 86.1072006225586),
(100, 'KGD', 'Khrabrovo Airport', 'Kaliningrad', 54.88999938964844, 20.592599868774414),
(101, 'KGP', 'Kogalym International Airport', 'Kogalym', 62.190399169921875, 74.53379821777344),
(102, 'KHV', 'Khabarovsk-Novy Airport', 'Khabarovsk', 48.52799987793, 135.18800354004),
(103, 'KJA', 'Yemelyanovo Airport', 'Krasnoyarsk', 56.172901153564, 92.493301391602),
(104, 'KLD', 'Migalovo Air Base', 'Tver', 56.82469940185547, 35.7577018737793),
(105, 'KLF', 'Grabtsevo Airport', 'Kaluga', 54.5499992371, 36.3666687012),
(106, 'KMW', 'Kostroma Sokerkino Airport', 'Kostroma', 57.7969017029, 41.019401550299996),
(107, 'KRO', 'Kurgan Airport', 'Kurgan', 55.47529983520508, 65.41560363769531),
(108, 'KRR', 'Krasnodar Pashkovsky International Airport', 'Krasnodar', 45.034698486328, 39.170501708984),
(109, 'KSZ', 'Kotlas Airport', 'Kotlas', 61.235801696777344, 46.6974983215332),
(110, 'KUF', 'Kurumoch International Airport', 'Samara', 53.504901885986, 50.16429901123),
(111, 'KVK', 'Kirovsk-Apatity Airport', 'Apatity', 67.46330261230469, 33.58829879760742),
(112, 'KVM', 'Markovo Airport', 'Markovo', 64.66699981689453, 170.41700744628906),
(113, 'KVX', 'Pobedilovo Airport', 'Kirov', 58.503299713135, 49.348300933838),
(114, 'KXK', 'Komsomolsk-on-Amur Airport', 'Komsomolsk-on-Amur', 50.409000396728516, 136.9340057373047),
(115, 'KYZ', 'Kyzyl Airport', 'Kyzyl', 51.66939926147461, 94.40059661865234),
(116, 'KZN', 'Kazan International Airport', 'Kazan', 55.606201171875, 49.278701782227),
(117, 'LAI', 'Lannion-Côte de Granit Airport', 'Lannion', 48.754398345947266, -3.4716598987579346),
(118, 'LBG', 'Paris-Le Bourget Airport', 'Paris', 48.969398498535156, 2.441390037536621),
(119, 'LBI', 'Albi-Le Séquestre Airport', 'Albi', 43.91389846801758, 2.1130599975585938),
(120, 'LDE', 'Tarbes-Lourdes-Pyrénées Airport', 'Tarbes', 43.1786994934082, -0.006438999902456999),
(121, 'LDG', 'Leshukonskoye Airport', 'Arkhangelsk', 64.8960037231, 45.7229995728),
(122, 'LED', 'Pulkovo Airport', 'St. Petersburg', 59.80030059814453, 30.262500762939453),
(123, 'LEH', 'Le Havre Octeville Airport', 'Le Havre', 49.53390121459961, 0.08805599808692932),
(124, 'LIG', 'Limoges Airport', 'Limoges', 45.86280059814453, 1.1794400215148926),
(125, 'LIL', 'Lille-Lesquin Airport', 'Lille', 50.563332, 3.086886),
(126, 'LME', 'Le Mans-Arnage Airport', 'Le Mans', 47.94860076904297, 0.20166699588298798),
(127, 'LPK', 'Lipetsk Airport', 'Lipetsk', 52.70280075073242, 39.53779983520508),
(128, 'LPY', 'Le Puy-Loudes Airport', 'Le Puy', 45.0806999206543, 3.762890100479126),
(129, 'LRH', 'La Rochelle-Île de Ré Airport', 'La Rochelle', 46.17919921875, -1.1952799558639526),
(130, 'LRT', 'Lorient South Brittany (Bretagne Sud) Airport', 'Lorient', 47.76060104370117, -3.440000057220459),
(131, 'LTQ', 'Le Touquet-Côte d\'Opale Airport', 'Le Tourquet', 50.517398834228516, 1.6205899715423584),
(132, 'LTT', 'La Môle Airport', 'La Môle', 43.20539855957031, 6.48199987411499),
(133, 'LVA', 'Laval-Entrammes Airport', 'Laval', 48.03139877319336, -0.7429860234260559),
(134, 'LYN', 'Lyon-Bron Airport', 'Lyon', 45.72719955444336, 4.944270133972168),
(135, 'LYS', 'Lyon Saint-Exupéry Airport', 'Lyon', 45.7255556, 5.0811111),
(136, 'MCU', 'Montluçon-Guéret Airport', 'Montlucon-gueret', 46.222599029541016, 2.363960027694702),
(137, 'MCX', 'Uytash Airport', 'Makhachkala', 42.81679916381836, 47.65230178833008),
(138, 'MEN', 'Mende-Brenoux Airport', 'Mende', 44.50210189819336, 3.532819986343384),
(139, 'MFX', 'Méribel Altiport', 'Ajaccio', 45.407003, 6.577942),
(140, 'MJZ', 'Mirny Airport', 'Mirnyj', 62.534698486328125, 114.03900146484375),
(141, 'MMK', 'Murmansk Airport', 'Murmansk', 68.78170013427734, 32.75080108642578),
(142, 'MPL', 'Montpellier-Méditerranée Airport', 'Montpellier', 43.57619857788086, 3.96301007270813),
(143, 'MQF', 'Magnitogorsk International Airport', 'Magnetiogorsk', 53.39310073852539, 58.755699157714844),
(144, 'MRS', 'Marseille Provence Airport', 'Marseille', 43.439271922, 5.22142410278),
(145, 'MRV', 'Mineralnyye Vody Airport', 'Mineralnye Vody', 44.225101470947266, 43.08190155029297),
(146, 'MVV', 'Megève Airport', 'Verdun', 45.82080078125, 6.652219772338867),
(147, 'MXN', 'Morlaix-Ploujean Airport', 'Morlaix', 48.6031990051, -3.81577992439),
(148, 'MZM', 'Metz-Frescaty (BA 128) Air Base', 'Metz', 49.07170104980469, 6.131669998168945),
(149, 'NAL', 'Nalchik Airport', 'Nalchik', 43.512901306152344, 43.636600494384766),
(150, 'NBB', 'Berezovo Airport', 'Berezovo', 63.92100143432617, 65.03050231933594),
(151, 'NBC', 'Begishevo Airport', 'Nizhnekamsk', 55.564701080322266, 52.092498779296875),
(152, 'NCE', 'Nice-Côte d\'Azur Airport', 'Nice', 43.6584014893, 7.215869903560001),
(153, 'NCY', 'Annecy-Haute-Savoie-Mont Blanc Airport', 'Annecy', 45.9308333, 6.1063889),
(154, 'NFG', 'Nefteyugansk Airport', 'Nefteyugansk', 61.108299255371094, 72.6500015258789),
(155, 'NIT', 'Niort-Souché Airport', 'Niort', 46.313477, -0.394529),
(156, 'NJC', 'Nizhnevartovsk Airport', 'Nizhnevartovsk', 60.94929885864258, 76.48359680175781),
(157, 'NLI', 'Nikolayevsk-na-Amure Airport', 'Nikolayevsk-na-Amure Airport', 53.154998779297, 140.64999389648),
(158, 'NNM', 'Naryan Mar Airport', 'Naryan-Mar', 67.63999938964844, 53.12189865112305),
(159, 'NOJ', 'Noyabrsk Airport', 'Noyabrsk', 63.18330001831055, 75.2699966430664),
(160, 'NOZ', 'Spichenkovo Airport', 'Novokuznetsk', 53.8114013671875, 86.877197265625),
(161, 'NSK', 'Norilsk-Alykel Airport', 'Norilsk', 69.31109619140625, 87.33219909667969),
(162, 'NTE', 'Nantes Atlantique Airport', 'Nantes', 47.153198242200006, -1.61073005199),
(163, 'NUX', 'Novy Urengoy Airport', 'Novy Urengoy', 66.06939697265625, 76.52030181884766),
(164, 'NVS', 'Nevers-Fourchambault Airport', 'Nevers', 47.002601623535156, 3.1133298873901367),
(165, 'NYA', 'Nyagan Airport', 'Nyagan', 62.11000061035156, 65.61499786376953),
(166, 'NYM', 'Nadym Airport', 'Nadym', 65.48090362548828, 72.69889831542969),
(167, 'OBS', 'Aubenas-Ardèche Méridional Airport', 'Aubenas-vals-lanas', 44.5442008972, 4.37218999863),
(168, 'ODO', 'Bodaybo Airport', 'Bodaibo', 57.866100311299995, 114.242996216),
(169, 'OGZ', 'Beslan Airport', 'Beslan', 43.2051010132, 44.6066017151),
(170, 'OHO', 'Okhotsk Airport', 'Okhotsk', 59.410064697265625, 143.05650329589844),
(171, 'OMS', 'Omsk Central Airport', 'Omsk', 54.96699905395508, 73.31050109863281),
(172, 'ORE', 'Orléans-Bricy (BA 123) Air Base', 'Orleans', 47.9878005981, 1.7605600357100002),
(173, 'ORY', 'Paris-Orly Airport', 'Paris', 48.7233333, 2.3794444),
(174, 'OSW', 'Orsk Airport', 'Orsk', 51.0724983215332, 58.59560012817383),
(175, 'OVB', 'Tolmachevo Airport', 'Novosibirsk', 55.012599945068, 82.650703430176),
(176, 'OVS', 'Sovetskiy Airport', 'Sovetskiy', 61.326622009277344, 63.60191345214844),
(177, 'PEE', 'Bolshoye Savino Airport', 'Perm', 57.914501190186, 56.021198272705),
(178, 'PES', 'Petrozavodsk Airport', 'Petrozavodsk', 61.88520050048828, 34.154701232910156),
(179, 'PEX', 'Pechora Airport', 'Pechora', 65.12110137939453, 57.13079833984375),
(180, 'PEZ', 'Penza Airport', 'Penza', 53.110599517822266, 45.02109909057617),
(181, 'PGF', 'Perpignan-Rivesaltes (Llabanère) Airport', 'Perpignan', 42.74039840698242, 2.8706700801849365),
(182, 'PGX', 'Périgueux-Bassillac Airport', 'Perigueux', 45.19810104370117, 0.815555989742279),
(183, 'PIS', 'Poitiers-Biard Airport', 'Poitiers', 46.58769989013672, 0.30666598677635193),
(184, 'PKC', 'Yelizovo Airport', 'Petropavlovsk', 53.16790008544922, 158.45399475097656),
(185, 'PKV', 'Pskov Airport', 'Pskov', 57.78390121459961, 28.395599365234375),
(186, 'POX', 'Pontoise - Cormeilles-en-Vexin Airport', 'Pontoise', 49.0966667, 2.0408333),
(187, 'PUF', 'Pau Pyrénées Airport', 'Pau', 43.380001068115234, -0.41861099004745483),
(188, 'PVS', 'Provideniya Bay Airport', 'Provideniya Bay', 64.37809753417969, -173.2429962158203),
(189, 'PWE', 'Pevek Airport', 'Pevek', 69.783302307129, 170.59700012207),
(190, 'PYJ', 'Polyarny Airport', 'Yakutia', 66.4003982544, 112.029998779),
(191, 'QNJ', 'Annemasse Airport', 'Annemasse', 46.1920013428, 6.268390178680001),
(192, 'QNX', 'Mâcon-Charnay Airport', 'Macon', 46.295101, 4.79577),
(193, 'QXB', 'Aix-en-Provence (BA 114) Airport', 'Aix-les-milles', 43.5056, 5.36778),
(194, 'QYR', 'Troyes-Barberey Airport', 'Troyes', 48.32210159301758, 4.01669979095459),
(195, 'RAT', 'Raduzhny Airport', 'Raduzhnyi', 62.1585998535, 77.32890319820001),
(196, 'RCO', 'Rochefort-Saint-Agnant (BA 721) Airport', 'Rochefort', 45.88779830932617, -0.9830560088157654),
(197, 'RDZ', 'Rodez-Marcillac Airport', 'Rodez', 44.407901763916016, 2.4826700687408447),
(198, 'REN', 'Orenburg Central Airport', 'Orenburg', 51.795799255371094, 55.45669937133789),
(199, 'RGK', 'Gorno-Altaysk Airport', 'Gorno-Altaysk', 51.9667015076, 85.8332977295),
(200, 'RHE', 'Reims-Champagne (BA 112) Air Base', 'Reims', 49.310001, 4.05),
(201, 'RNE', 'Roanne-Renaison Airport', 'Roanne', 46.05830001831055, 4.001389980316162),
(202, 'RNS', 'Rennes-Saint-Jacques Airport', 'Rennes', 48.069499969499994, -1.73478996754),
(203, 'ROV', 'Rostov-on-Don Airport', 'Rostov', 47.2582015991, 39.8180999756),
(204, 'RTW', 'Saratov Central Airport', 'Saratov', 51.564998626708984, 46.04669952392578),
(205, 'RYB', 'Staroselye Airport', 'Rybinsk', 58.10419845581055, 38.92940139770508),
(206, 'RYN', 'Royan-Médis Airport', 'Royan', 45.62810134887695, -0.9725000262260437),
(207, 'SBH', 'Gustaf III Airport', 'Gustavia', 17.904399871826172, -62.84360122680664),
(208, 'SBK', 'Saint-Brieuc-Armor Airport', 'St.-brieuc Armor', 48.5378, -2.85444),
(209, 'SCW', 'Syktyvkar Airport', 'Syktyvkar', 61.64699935913086, 50.84510040283203),
(210, 'SEK', 'Srednekolymsk Airport', 'Srednekolymsk', 67.4805, 153.7364),
(211, 'SGC', 'Surgut Airport', 'Surgut', 61.34370040893555, 73.40180206298828),
(212, 'SKX', 'Saransk Airport', 'Saransk', 54.12512969970703, 45.212257385253906),
(213, 'SLY', 'Salekhard Airport', 'Salekhard', 66.5907974243164, 66.61100006103516),
(214, 'SNR', 'Saint-Nazaire-Montoir Airport', 'St.-nazaire', 47.3105556, -2.1566667),
(215, 'SOZ', 'Solenzara (BA 126) Air Base', 'Solenzara', 41.924400329589844, 9.406000137329102),
(216, 'STW', 'Stavropol Shpakovskoye Airport', 'Stavropol', 45.10919952392578, 42.11280059814453),
(217, 'SUY', 'Suntar Airport', 'Suntar', 62.185001373291, 117.63500213623),
(218, 'SVO', 'Sheremetyevo International Airport', 'Moscow', 55.972599, 37.4146),
(219, 'SVX', 'Koltsovo Airport', 'Yekaterinburg', 56.743099212646, 60.802700042725),
(220, 'SWT', 'Strezhevoy Airport', 'Strezhevoy', 60.709400177, 77.66000366210001),
(221, 'SXB', 'Strasbourg Airport', 'Strasbourg', 48.538299560546875, 7.628230094909668),
(222, 'TBW', 'Donskoye Airport', 'Tambow', 52.806098937988, 41.482799530029),
(223, 'TJM', 'Roshchino International Airport', 'Tyumen', 57.189601898199996, 65.3243026733),
(224, 'TLN', 'Toulon-Hyères Airport', 'Hyeres', 43.0973014832, 6.14602994919),
(225, 'TLS', 'Toulouse-Blagnac Airport', 'Toulouse', 43.629101, 1.36382),
(226, 'TNF', 'Toussus-le-Noble Airport', 'Toussous-le-noble', 48.75189971923828, 2.1061899662017822),
(227, 'TOF', 'Bogashevo Airport', 'Tomsk', 56.380298614502, 85.208297729492),
(228, 'TQL', 'Tarko-Sale Airport', 'Tarko-Sale', 64.9308013916, 77.81809997559999),
(229, 'TUF', 'Tours-Val-de-Loire Airport', 'Tours', 47.4322013855, 0.727605998516),
(230, 'UCT', 'Ukhta Airport', 'Ukhta', 63.566898345947266, 53.8046989440918),
(231, 'UFA', 'Ufa International Airport', 'Ufa', 54.557498931885, 55.874401092529),
(232, 'UIK', 'Ust-Ilimsk Airport', 'Ust Ilimsk', 58.13610076904297, 102.56500244140625),
(233, 'UIP', 'Quimper-Cornouaille Airport', 'Quimper', 47.974998474121094, -4.167789936065674),
(234, 'UKX', 'Ust-Kut Airport', 'Ust-Kut', 56.8567008972168, 105.7300033569336),
(235, 'ULK', 'Lensk Airport', 'Lensk', 60.7206001282, 114.825996399),
(236, 'ULV', 'Ulyanovsk Baratayevka Airport', 'Ulyanovsk', 54.26829910279999, 48.226699829100006),
(237, 'ULY', 'Ulyanovsk East Airport', 'Ulyanovsk', 54.4010009765625, 48.80270004272461),
(238, 'UMS', 'Ust-Maya Airport', 'Ust-Maya', 60.356998443604, 134.43499755859),
(239, 'URJ', 'Uray Airport', 'Uraj', 60.10329818725586, 64.82669830322266),
(240, 'URO', 'Rouen Airport', 'Rouen', 49.38420104980469, 1.1748000383377075),
(241, 'URS', 'Kursk East Airport', 'Kursk', 51.7505989074707, 36.29560089111328),
(242, 'USK', 'Usinsk Airport', 'Usinsk', 66.00469970703125, 57.3671989440918),
(243, 'UUA', 'Bugulma Airport', 'Bugulma', 54.63999938964844, 52.801700592041016),
(244, 'UUD', 'Ulan-Ude Airport (Mukhino)', 'Ulan-ude', 51.80780029296875, 107.43800354003906),
(245, 'UUS', 'Yuzhno-Sakhalinsk Airport', 'Yuzhno-sakhalinsk', 46.88869857788086, 142.71800231933594),
(246, 'VAF', 'Valence-Chabeuil Airport', 'Valence', 44.9216, 4.9699),
(247, 'VGD', 'Vologda Airport', 'Vologda', 59.282501220703125, 39.944400787353516),
(248, 'VHY', 'Vichy-Charmeil Airport', 'Vichy', 46.169700622558594, 3.4037399291992188),
(249, 'VKO', 'Vnukovo International Airport', 'Moscow', 55.5914993286, 37.2615013123),
(250, 'VKT', 'Vorkuta Airport', 'Vorkuta', 67.48860168457031, 63.993099212646484),
(251, 'VLK', 'Volgodonsk Airport', '', 47.682098388671875, 42.07279968261719),
(252, 'VLU', 'Velikiye Luki Airport', 'Velikiye Luki', 56.381099700927734, 30.60810089111328),
(253, 'VNE', 'Vannes-Meucon Airport', 'Vannes', 47.72330093383789, -2.718559980392456),
(254, 'VOG', 'Volgograd International Airport', 'Volgograd', 48.782501220703125, 44.34550094604492),
(255, 'VOZ', 'Voronezh International Airport', 'Voronezh', 51.81420135498047, 39.22959899902344),
(256, 'VVO', 'Vladivostok International Airport', 'Vladivostok', 43.39899826049805, 132.1479949951172),
(257, 'VYI', 'Vilyuisk Airport', 'Vilyuisk', 63.75666809082, 121.69333648682),
(258, 'XAC', 'Arcachon-La Teste-de-Buch Airport', 'Arcachon', 44.596401, -1.11083),
(259, 'XBK', 'Bourg-Ceyzériat Airport', 'Bourg', 46.20090103149414, 5.292029857635498),
(260, 'XCD', 'Chalon-Champforgeuil Airport', 'Chalon', 46.82609939575195, 4.817629814147949),
(261, 'XCR', 'Châlons-Vatry Air Base', 'Chalons', 48.776100158691406, 4.184490203857422),
(262, 'XMU', 'Moulins-Montbeugny Airport', 'Moulins', 46.53459930419922, 3.423719882965088),
(263, 'XVF', 'Villefranche-Tarare Airport', 'Vilefrance', 45.919983, 4.634931),
(264, 'YKS', 'Yakutsk Airport', 'Yakutsk', 62.093299865722656, 129.77099609375),
(265, 'ZIX', 'Zhigansk Airport', 'Zhigansk', 66.7965011597, 123.361000061),
(266, 'ZKP', 'Zyryanka Airport', 'Zyryanka', 65.7485, 150.8889);

-- --------------------------------------------------------

--
-- Table structure for table `flight`
--

CREATE TABLE `flight` (
  `id` bigint(20) NOT NULL,
  `airplane_id` bigint(20) NOT NULL,
  `flight_number` varchar(50) NOT NULL,
  `departure_airport_id` bigint(20) NOT NULL,
  `arrival_airport_id` bigint(20) NOT NULL,
  `base_cost` double NOT NULL,
  `available_places_econom` int(11) NOT NULL,
  `available_places_business` int(11) NOT NULL,
  `flight_datetime` datetime NOT NULL
) ENGINE=InnoDB DEFAULT CHARSET=latin1;

--
-- Dumping data for table `flight`
--

INSERT INTO `flight` (`id`, `airplane_id`, `flight_number`, `departure_airport_id`, `arrival_airport_id`, `base_cost`, `available_places_econom`, `available_places_business`, `flight_datetime`) VALUES
(1, 3, 'ITU-6', 1, 2, 9929, 183, 12, '2017-08-19 05:30:00'),
(2, 6, 'LWU-21', 1, 2, 9929, 145, 12, '2017-08-04 11:33:00'),
(3, 2, 'HOD-21', 1, 2, 9929, 152, 24, '2017-08-14 13:01:00'),
(4, 8, 'MQU-4', 1, 2, 9929, 192, 36, '2017-08-12 00:06:00'),
(5, 4, 'GKO-30', 1, 2, 9929, 149, 12, '2017-08-06 09:22:00'),
(6, 7, 'GMI-27', 1, 2, 9929, 168, 18, '2017-08-16 01:36:00'),
(7, 2, 'KQI-16', 1, 2, 9929, 152, 24, '2017-08-04 19:36:00'),
(8, 7, 'MID-67', 1, 2, 9929, 168, 18, '2017-08-14 01:31:00'),
(9, 4, 'FSQ-2', 1, 2, 9929, 149, 12, '2017-08-02 20:43:00'),
(10, 6, 'FQZ-33', 1, 2, 9929, 145, 12, '2017-08-09 04:57:00'),
(11, 1, 'NOT-50', 1, 2, 9929, 80, 8, '2017-08-24 22:14:00'),
(12, 3, 'WAC-46', 1, 2, 9929, 183, 12, '2017-08-27 20:21:00'),
(13, 5, 'JYS-61', 1, 2, 9929, 122, 0, '2017-08-19 05:43:00'),
(14, 2, 'GDB-18', 1, 2, 9929, 152, 24, '2017-08-08 06:55:00'),
(15, 7, 'OGT-80', 1, 2, 9929, 168, 18, '2017-08-17 18:29:00'),
(16, 4, 'LME-28', 1, 2, 9929, 149, 12, '2017-08-15 16:16:00'),
(17, 7, 'UGO-79', 1, 2, 9929, 168, 18, '2017-08-03 23:09:00'),
(18, 3, 'EUL-19', 1, 2, 9929, 183, 12, '2017-08-05 02:37:00'),
(19, 5, 'HXB-70', 1, 2, 9929, 122, 0, '2017-08-29 02:14:00'),
(20, 1, 'WIU-85', 1, 2, 9929, 80, 8, '2017-08-03 20:41:00'),
(21, 2, 'WXZ-33', 1, 2, 9929, 152, 24, '2017-08-31 04:58:00'),
(22, 8, 'OMV-38', 1, 2, 9929, 192, 36, '2017-08-14 10:45:00'),
(23, 2, 'JKK-85', 1, 2, 9929, 152, 24, '2017-08-07 22:35:00'),
(24, 8, 'TCI-85', 1, 2, 9929, 192, 36, '2017-08-09 05:50:00'),
(25, 2, 'IPG-39', 1, 2, 9929, 152, 24, '2017-08-27 08:40:00'),
(26, 4, 'MUU-72', 1, 2, 9929, 149, 12, '2017-08-30 14:49:00'),
(27, 1, 'XOV-3', 1, 2, 9929, 80, 8, '2017-08-07 21:54:00'),
(28, 3, 'RCX-26', 1, 2, 9929, 183, 12, '2017-08-17 21:41:00'),
(29, 8, 'ORC-97', 1, 2, 9929, 192, 36, '2017-08-21 22:51:00'),
(30, 6, 'ZZZ-13', 1, 2, 9929, 145, 12, '2017-08-18 03:00:00'),
(31, 1, 'ROK-34', 1, 2, 9929, 80, 8, '2017-08-14 01:20:00'),
(32, 4, 'IBW-42', 1, 2, 9929, 149, 12, '2017-08-09 11:51:00'),
(33, 1, 'AQQ-47', 1, 2, 9929, 80, 8, '2017-08-06 11:58:00'),
(34, 7, 'EYH-91', 1, 2, 9929, 168, 18, '2017-08-05 06:46:00'),
(35, 7, 'DFK-59', 1, 2, 9929, 168, 18, '2017-08-06 06:55:00'),
(36, 4, 'INK-95', 1, 2, 9929, 149, 12, '2017-08-31 00:14:00'),
(37, 4, 'DKJ-66', 1, 2, 9929, 149, 12, '2017-08-02 05:48:00'),
(38, 3, 'YPV-76', 1, 2, 9929, 183, 12, '2017-08-02 13:57:00'),
(39, 3, 'XQI-81', 1, 2, 9929, 183, 12, '2017-08-16 06:15:00'),
(40, 7, 'EBN-62', 1, 2, 9929, 168, 18, '2017-08-04 05:20:00'),
(41, 7, 'QRR-2', 1, 2, 9929, 168, 18, '2017-08-22 18:30:00'),
(42, 8, 'UZK-11', 1, 2, 9929, 192, 36, '2017-08-24 18:27:00'),
(43, 1, 'UVO-46', 1, 2, 9929, 80, 8, '2017-08-22 02:15:00'),
(44, 1, 'BKT-36', 1, 2, 9929, 80, 8, '2017-08-10 07:53:00'),
(45, 7, 'OJD-27', 1, 2, 9929, 168, 18, '2017-08-06 18:48:00'),
(46, 3, 'CWC-42', 1, 2, 9929, 183, 12, '2017-08-10 06:32:00'),
(47, 5, 'VAK-26', 1, 2, 9929, 122, 0, '2017-08-09 20:02:00'),
(48, 5, 'YHO-69', 1, 2, 9929, 122, 0, '2017-08-27 17:12:00'),
(49, 4, 'XOZ-32', 1, 2, 9929, 149, 12, '2017-08-15 22:43:00'),
(50, 8, 'BPK-90', 1, 2, 9929, 192, 36, '2017-08-03 07:57:00'),
(51, 7, 'DMY-18', 2, 1, 9929, 168, 18, '2017-08-29 02:54:00'),
(52, 7, 'ZXU-20', 2, 1, 9929, 168, 18, '2017-08-12 12:51:00'),
(53, 1, 'CZZ-32', 2, 1, 9929, 80, 8, '2017-08-26 12:58:00'),
(54, 5, 'YUC-86', 2, 1, 9929, 122, 0, '2017-08-29 04:51:00'),
(55, 4, 'FJC-17', 2, 1, 9929, 149, 12, '2017-08-19 12:55:00'),
(56, 3, 'JHL-96', 2, 1, 9929, 183, 12, '2017-08-25 15:09:00'),
(57, 5, 'WTA-35', 2, 1, 9929, 122, 0, '2017-08-29 05:03:00'),
(58, 2, 'FOJ-66', 2, 1, 9929, 152, 24, '2017-08-17 22:47:00'),
(59, 8, 'IGR-46', 2, 1, 9929, 192, 36, '2017-08-24 16:50:00'),
(60, 6, 'IHP-8', 2, 1, 9929, 145, 12, '2017-08-29 19:04:00'),
(61, 1, 'IMG-36', 2, 1, 9929, 80, 8, '2017-08-18 06:14:00'),
(62, 2, 'GQY-42', 2, 1, 9929, 152, 24, '2017-08-15 05:28:00'),
(63, 6, 'BEY-55', 2, 1, 9929, 145, 12, '2017-08-17 14:27:00'),
(64, 1, 'EBF-43', 2, 1, 9929, 80, 8, '2017-08-07 22:40:00'),
(65, 7, 'VDC-88', 2, 1, 9929, 168, 18, '2017-08-07 09:29:00'),
(66, 7, 'NRX-49', 2, 1, 9929, 168, 18, '2017-08-06 03:30:00'),
(67, 2, 'FFH-53', 2, 1, 9929, 152, 24, '2017-08-16 19:29:00'),
(68, 5, 'ZPG-6', 2, 1, 9929, 122, 0, '2017-08-07 14:54:00'),
(69, 6, 'NRX-75', 2, 1, 9929, 145, 12, '2017-08-30 22:06:00'),
(70, 6, 'ISN-20', 2, 1, 9929, 145, 12, '2017-08-28 04:07:00'),
(71, 4, 'YSF-2', 2, 1, 9929, 149, 12, '2017-08-19 01:45:00'),
(72, 1, 'TTE-51', 2, 1, 9929, 80, 8, '2017-08-16 10:33:00'),
(73, 4, 'YCG-31', 2, 1, 9929, 149, 12, '2017-08-18 08:26:00'),
(74, 4, 'EMK-96', 2, 1, 9929, 149, 12, '2017-08-15 11:56:00'),
(75, 7, 'AWW-28', 2, 1, 9929, 168, 18, '2017-08-01 05:53:00'),
(76, 5, 'SDJ-2', 2, 1, 9929, 122, 0, '2017-08-26 00:13:00'),
(77, 5, 'WKV-57', 2, 1, 9929, 122, 0, '2017-08-25 10:31:00'),
(78, 1, 'IPG-82', 2, 1, 9929, 80, 8, '2017-08-07 03:36:00'),
(79, 6, 'IUC-25', 2, 1, 9929, 145, 12, '2017-08-28 19:51:00'),
(80, 6, 'XWD-97', 2, 1, 9929, 145, 12, '2017-08-16 02:12:00'),
(81, 2, 'QKT-66', 2, 1, 9929, 152, 24, '2017-08-24 17:29:00'),
(82, 4, 'VUY-87', 2, 1, 9929, 149, 12, '2017-08-05 06:31:00'),
(83, 4, 'XHP-22', 2, 1, 9929, 149, 12, '2017-08-21 01:02:00'),
(84, 2, 'XZU-61', 2, 1, 9929, 152, 24, '2017-08-07 03:22:00'),
(85, 4, 'WFP-48', 2, 1, 9929, 149, 12, '2017-08-15 00:23:00'),
(86, 6, 'RBM-31', 2, 1, 9929, 145, 12, '2017-08-19 04:35:00'),
(87, 5, 'GOS-95', 2, 1, 9929, 122, 0, '2017-08-01 05:31:00'),
(88, 8, 'OAM-26', 2, 1, 9929, 192, 36, '2017-08-08 17:20:00'),
(89, 1, 'WBY-62', 2, 1, 9929, 80, 8, '2017-08-02 23:08:00'),
(90, 8, 'SBD-36', 2, 1, 9929, 192, 36, '2017-08-20 12:05:00'),
(91, 8, 'OXG-56', 2, 1, 9929, 192, 36, '2017-08-01 21:32:00'),
(92, 2, 'XXG-98', 2, 1, 9929, 152, 24, '2017-08-06 15:58:00'),
(93, 4, 'JZB-23', 2, 1, 9929, 149, 12, '2017-08-30 13:58:00'),
(94, 6, 'HFY-69', 2, 1, 9929, 145, 12, '2017-08-06 06:41:00'),
(95, 2, 'UVZ-95', 2, 1, 9929, 152, 24, '2017-08-31 06:55:00'),
(96, 3, 'PZX-47', 2, 1, 9929, 183, 12, '2017-08-22 17:21:00'),
(97, 8, 'QOC-10', 2, 1, 9929, 192, 36, '2017-08-03 07:01:00'),
(98, 5, 'IEL-29', 2, 1, 9929, 122, 0, '2017-08-27 09:01:00'),
(99, 8, 'YCG-72', 2, 1, 9929, 192, 36, '2017-08-03 05:36:00'),
(100, 5, 'IMW-21', 2, 1, 9929, 122, 0, '2017-08-31 23:26:00'),
(101, 8, 'FYX-13', 218, 122, 1938, 192, 36, '2017-08-05 10:30:00'),
(102, 5, 'UFQ-15', 218, 122, 1938, 122, 0, '2017-08-05 21:04:00'),
(103, 5, 'FSZ-99', 218, 122, 1938, 122, 0, '2017-08-24 07:53:00'),
(104, 3, 'WEJ-67', 218, 122, 1938, 183, 12, '2017-08-26 07:55:00'),
(105, 8, 'IPB-91', 218, 122, 1938, 192, 36, '2017-08-12 17:01:00'),
(106, 6, 'NCC-43', 218, 122, 1938, 145, 12, '2017-08-22 02:49:00'),
(107, 1, 'LAE-76', 218, 122, 1938, 80, 8, '2017-08-20 00:53:00'),
(108, 2, 'TJU-95', 218, 122, 1938, 152, 24, '2017-08-22 22:14:00'),
(109, 4, 'OIX-27', 218, 122, 1938, 149, 12, '2017-08-20 18:25:00'),
(110, 8, 'CKQ-9', 218, 122, 1938, 192, 36, '2017-08-20 07:26:00'),
(111, 1, 'GCP-58', 218, 122, 1938, 80, 8, '2017-08-13 01:45:00'),
(112, 6, 'IXS-79', 218, 122, 1938, 145, 12, '2017-08-14 21:35:00'),
(113, 4, 'EMA-51', 218, 122, 1938, 149, 12, '2017-08-16 20:23:00'),
(114, 5, 'SGK-42', 218, 122, 1938, 122, 0, '2017-08-01 19:09:00'),
(115, 7, 'MZX-85', 218, 122, 1938, 168, 18, '2017-08-28 01:00:00'),
(116, 3, 'QSX-38', 218, 122, 1938, 183, 12, '2017-08-25 05:44:00'),
(117, 3, 'DTO-5', 218, 122, 1938, 183, 12, '2017-08-06 03:42:00'),
(118, 3, 'UJX-49', 218, 122, 1938, 183, 12, '2017-08-01 13:25:00'),
(119, 6, 'EID-16', 218, 122, 1938, 145, 12, '2017-08-06 01:43:00'),
(120, 2, 'XCE-75', 218, 122, 1938, 152, 24, '2017-08-13 02:55:00'),
(121, 8, 'TBS-95', 218, 122, 1938, 192, 36, '2017-08-08 01:09:00'),
(122, 8, 'YLM-88', 218, 122, 1938, 192, 36, '2017-08-22 00:21:00'),
(123, 5, 'YLF-54', 218, 122, 1938, 122, 0, '2017-08-29 23:17:00'),
(124, 8, 'THI-17', 218, 122, 1938, 192, 36, '2017-08-29 16:48:00'),
(125, 2, 'AXC-65', 218, 122, 1938, 152, 24, '2017-08-09 06:27:00'),
(126, 8, 'HDG-96', 218, 122, 1938, 192, 36, '2017-08-25 22:54:00'),
(127, 7, 'UQL-63', 218, 122, 1938, 168, 18, '2017-08-09 07:14:00'),
(128, 6, 'UJP-52', 218, 122, 1938, 145, 12, '2017-08-08 07:16:00'),
(129, 6, 'XRW-96', 218, 122, 1938, 145, 12, '2017-08-21 15:10:00'),
(130, 6, 'UTS-79', 218, 122, 1938, 145, 12, '2017-08-31 10:09:00'),
(131, 5, 'FXX-79', 218, 122, 1938, 122, 0, '2017-08-13 20:35:00'),
(132, 2, 'EPT-55', 218, 122, 1938, 152, 24, '2017-08-06 09:28:00'),
(133, 4, 'ZBT-56', 218, 122, 1938, 149, 12, '2017-08-27 14:06:00'),
(134, 7, 'PLM-54', 218, 122, 1938, 168, 18, '2017-08-29 08:43:00'),
(135, 4, 'OHR-10', 218, 122, 1938, 149, 12, '2017-08-11 16:07:00'),
(136, 7, 'BHL-89', 218, 122, 1938, 168, 18, '2017-08-09 06:29:00'),
(137, 6, 'XWP-91', 218, 122, 1938, 145, 12, '2017-08-11 09:40:00'),
(138, 6, 'HBT-77', 218, 122, 1938, 145, 12, '2017-08-15 17:36:00'),
(139, 8, 'WGW-90', 218, 122, 1938, 192, 36, '2017-08-29 00:14:00'),
(140, 5, 'TYI-27', 218, 122, 1938, 122, 0, '2017-08-31 13:51:00'),
(141, 1, 'MBB-69', 218, 122, 1938, 80, 8, '2017-08-03 17:14:00'),
(142, 8, 'HUS-73', 218, 122, 1938, 192, 36, '2017-08-02 18:03:00'),
(143, 7, 'MYA-65', 218, 122, 1938, 168, 18, '2017-08-17 06:15:00'),
(144, 2, 'RHM-22', 218, 122, 1938, 152, 24, '2017-08-22 14:32:00'),
(145, 5, 'TVE-11', 218, 122, 1938, 122, 0, '2017-08-12 05:00:00'),
(146, 3, 'PHK-62', 218, 122, 1938, 183, 12, '2017-08-28 18:26:00'),
(147, 3, 'INQ-57', 218, 122, 1938, 183, 12, '2017-08-03 08:42:00'),
(148, 6, 'XHH-11', 218, 122, 1938, 145, 12, '2017-08-01 11:01:00'),
(149, 7, 'UAI-54', 218, 122, 1938, 168, 18, '2017-08-04 05:32:00'),
(150, 5, 'AKP-97', 218, 122, 1938, 122, 0, '2017-08-04 16:21:00'),
(151, 8, 'ALR-97', 122, 218, 1938, 192, 36, '2017-08-04 18:22:00'),
(152, 4, 'YQW-4', 122, 218, 1938, 149, 12, '2017-08-01 05:18:00'),
(153, 7, 'OYT-59', 122, 218, 1938, 168, 18, '2017-08-27 20:18:00'),
(154, 4, 'FJA-36', 122, 218, 1938, 149, 12, '2017-08-22 04:36:00'),
(155, 3, 'JUJ-90', 122, 218, 1938, 183, 12, '2017-08-16 23:24:00'),
(156, 3, 'ZXY-11', 122, 218, 1938, 183, 12, '2017-08-11 21:28:00'),
(157, 6, 'DNB-60', 122, 218, 1938, 145, 12, '2017-08-22 15:14:00'),
(158, 7, 'CWV-43', 122, 218, 1938, 168, 18, '2017-08-20 18:24:00'),
(159, 6, 'KNO-55', 122, 218, 1938, 145, 12, '2017-08-16 17:37:00'),
(160, 5, 'OCX-1', 122, 218, 1938, 122, 0, '2017-08-17 08:58:00'),
(161, 7, 'ENP-84', 122, 218, 1938, 168, 18, '2017-08-19 17:13:00'),
(162, 5, 'FVM-73', 122, 218, 1938, 122, 0, '2017-08-21 12:36:00'),
(163, 7, 'QEH-24', 122, 218, 1938, 168, 18, '2017-08-22 02:33:00'),
(164, 8, 'MXL-44', 122, 218, 1938, 192, 36, '2017-08-18 02:42:00'),
(165, 2, 'GWR-95', 122, 218, 1938, 152, 24, '2017-08-03 03:51:00'),
(166, 3, 'EUH-70', 122, 218, 1938, 183, 12, '2017-08-08 15:31:00'),
(167, 3, 'CBF-84', 122, 218, 1938, 183, 12, '2017-08-01 17:32:00'),
(168, 1, 'FQE-98', 122, 218, 1938, 80, 8, '2017-08-30 07:52:00'),
(169, 5, 'OPH-34', 122, 218, 1938, 122, 0, '2017-08-17 07:33:00'),
(170, 6, 'WJF-89', 122, 218, 1938, 145, 12, '2017-08-20 16:21:00'),
(171, 2, 'KSO-31', 122, 218, 1938, 152, 24, '2017-08-09 13:45:00'),
(172, 8, 'QJP-65', 122, 218, 1938, 192, 36, '2017-08-07 23:38:00'),
(173, 6, 'OEG-2', 122, 218, 1938, 145, 12, '2017-08-20 08:12:00'),
(174, 1, 'EVP-67', 122, 218, 1938, 80, 8, '2017-08-19 13:49:00'),
(175, 1, 'FTV-88', 122, 218, 1938, 80, 8, '2017-08-03 15:31:00'),
(176, 4, 'XHC-24', 122, 218, 1938, 149, 12, '2017-08-12 18:39:00'),
(177, 2, 'VYA-71', 122, 218, 1938, 152, 24, '2017-08-16 05:13:00'),
(178, 2, 'KHV-16', 122, 218, 1938, 152, 24, '2017-08-16 18:37:00'),
(179, 8, 'ONB-89', 122, 218, 1938, 192, 36, '2017-08-13 03:16:00'),
(180, 4, 'RUL-98', 122, 218, 1938, 149, 12, '2017-08-03 18:53:00'),
(181, 2, 'JVH-2', 122, 218, 1938, 152, 24, '2017-08-16 07:39:00'),
(182, 2, 'AMI-44', 122, 218, 1938, 152, 24, '2017-08-20 20:35:00'),
(183, 6, 'QIO-47', 122, 218, 1938, 145, 12, '2017-08-21 11:52:00'),
(184, 4, 'FLD-40', 122, 218, 1938, 149, 12, '2017-08-12 06:55:00'),
(185, 7, 'BBB-74', 122, 218, 1938, 168, 18, '2017-08-16 00:07:00'),
(186, 4, 'DDC-37', 122, 218, 1938, 149, 12, '2017-08-15 05:18:00'),
(187, 4, 'AQD-1', 122, 218, 1938, 149, 12, '2017-08-16 18:52:00'),
(188, 6, 'XGR-97', 122, 218, 1938, 145, 12, '2017-08-19 11:34:00'),
(189, 2, 'XTU-0', 122, 218, 1938, 152, 24, '2017-08-28 18:23:00'),
(190, 3, 'QKD-45', 122, 218, 1938, 183, 12, '2017-08-13 00:50:00'),
(191, 2, 'NCX-43', 122, 218, 1938, 152, 24, '2017-08-06 03:12:00'),
(192, 4, 'QAH-35', 122, 218, 1938, 149, 12, '2017-08-26 08:03:00'),
(193, 7, 'EKL-2', 122, 218, 1938, 168, 18, '2017-08-02 08:38:00'),
(194, 2, 'VYG-51', 122, 218, 1938, 152, 24, '2017-08-29 14:02:00'),
(195, 7, 'FSP-68', 122, 218, 1938, 168, 18, '2017-08-08 09:04:00'),
(196, 6, 'IWE-88', 122, 218, 1938, 145, 12, '2017-08-14 22:16:00'),
(197, 8, 'UZF-55', 122, 218, 1938, 192, 36, '2017-08-05 06:30:00'),
(198, 2, 'OMJ-96', 122, 218, 1938, 152, 24, '2017-08-05 16:28:00'),
(199, 1, 'MOA-61', 122, 218, 1938, 80, 8, '2017-08-13 03:20:00'),
(200, 2, 'XLL-14', 122, 218, 1938, 152, 24, '2017-08-25 03:01:00'),
(201, 4, 'XJC-58', 61, 122, 2100, 149, 12, '2017-08-05 18:07:00'),
(202, 6, 'LWN-92', 61, 122, 2100, 145, 12, '2017-08-29 16:34:00'),
(203, 2, 'AMO-81', 61, 122, 2100, 152, 24, '2017-08-11 23:14:00'),
(204, 6, 'KVP-27', 61, 122, 2100, 145, 12, '2017-08-11 22:16:00'),
(205, 1, 'UMJ-67', 61, 122, 2100, 80, 8, '2017-08-31 14:01:00'),
(206, 7, 'UOD-98', 61, 122, 2100, 168, 18, '2017-08-19 10:24:00'),
(207, 7, 'TXX-29', 61, 122, 2100, 168, 18, '2017-08-28 09:31:00'),
(208, 8, 'TKC-4', 61, 122, 2100, 192, 36, '2017-08-30 13:45:00'),
(209, 6, 'DQY-51', 61, 122, 2100, 145, 12, '2017-08-01 01:14:00'),
(210, 8, 'ALI-69', 61, 122, 2100, 192, 36, '2017-08-18 02:14:00'),
(211, 8, 'YGG-25', 61, 122, 2100, 192, 36, '2017-08-02 15:13:00'),
(212, 7, 'EZE-28', 61, 122, 2100, 168, 18, '2017-08-24 14:47:00'),
(213, 6, 'PSG-7', 61, 122, 2100, 145, 12, '2017-08-19 09:11:00'),
(214, 1, 'AVQ-64', 61, 122, 2100, 80, 8, '2017-08-11 11:34:00'),
(215, 5, 'KVT-58', 61, 122, 2100, 122, 0, '2017-08-04 07:01:00'),
(216, 1, 'KEY-27', 61, 122, 2100, 80, 8, '2017-08-22 01:46:00'),
(217, 1, 'GKN-37', 61, 122, 2100, 80, 8, '2017-08-29 22:03:00'),
(218, 3, 'RMF-28', 61, 122, 2100, 183, 12, '2017-08-30 01:43:00'),
(219, 8, 'MQC-50', 61, 122, 2100, 192, 36, '2017-08-09 00:16:00'),
(220, 2, 'ARA-11', 61, 122, 2100, 152, 24, '2017-08-27 10:35:00'),
(221, 2, 'VFB-46', 61, 122, 2100, 152, 24, '2017-08-13 16:14:00'),
(222, 6, 'UAB-2', 61, 122, 2100, 145, 12, '2017-08-16 19:11:00'),
(223, 5, 'RBW-86', 61, 122, 2100, 122, 0, '2017-08-30 20:16:00'),
(224, 7, 'EDI-32', 61, 122, 2100, 168, 18, '2017-08-30 01:11:00'),
(225, 7, 'TUS-68', 61, 122, 2100, 168, 18, '2017-08-20 12:30:00'),
(226, 5, 'PHV-14', 61, 122, 2100, 122, 0, '2017-08-25 10:42:00'),
(227, 7, 'RAK-50', 61, 122, 2100, 168, 18, '2017-08-03 12:35:00'),
(228, 4, 'CNR-17', 61, 122, 2100, 149, 12, '2017-08-02 19:33:00'),
(229, 4, 'UHP-3', 61, 122, 2100, 149, 12, '2017-08-09 02:06:00'),
(230, 6, 'ECP-56', 61, 122, 2100, 145, 12, '2017-08-27 09:27:00'),
(231, 3, 'LMP-66', 61, 122, 2100, 183, 12, '2017-08-09 05:26:00'),
(232, 5, 'UHY-23', 61, 122, 2100, 122, 0, '2017-08-05 01:39:00'),
(233, 8, 'NHI-78', 61, 122, 2100, 192, 36, '2017-08-14 12:09:00'),
(234, 7, 'ATB-34', 61, 122, 2100, 168, 18, '2017-08-01 12:36:00'),
(235, 4, 'HXO-80', 61, 122, 2100, 149, 12, '2017-08-03 19:25:00'),
(236, 1, 'DPF-55', 61, 122, 2100, 80, 8, '2017-08-03 00:34:00'),
(237, 8, 'WNW-19', 61, 122, 2100, 192, 36, '2017-08-31 07:58:00'),
(238, 6, 'GFZ-40', 61, 122, 2100, 145, 12, '2017-08-05 04:14:00'),
(239, 1, 'EIX-63', 61, 122, 2100, 80, 8, '2017-08-19 13:49:00'),
(240, 4, 'XQP-69', 61, 122, 2100, 149, 12, '2017-08-03 04:42:00'),
(241, 2, 'NYO-48', 61, 122, 2100, 152, 24, '2017-08-10 20:48:00'),
(242, 8, 'MWU-38', 61, 122, 2100, 192, 36, '2017-08-02 00:27:00'),
(243, 5, 'OIG-5', 61, 122, 2100, 122, 0, '2017-08-19 01:36:00'),
(244, 3, 'CII-42', 61, 122, 2100, 183, 12, '2017-08-27 09:32:00'),
(245, 7, 'ZPK-51', 61, 122, 2100, 168, 18, '2017-08-03 22:27:00'),
(246, 3, 'WMP-15', 61, 122, 2100, 183, 12, '2017-08-19 18:39:00'),
(247, 8, 'YBC-42', 61, 122, 2100, 192, 36, '2017-08-11 04:13:00'),
(248, 1, 'NNX-85', 61, 122, 2100, 80, 8, '2017-08-29 23:25:00'),
(249, 8, 'VKB-40', 61, 122, 2100, 192, 36, '2017-08-09 19:05:00'),
(250, 6, 'XLB-15', 61, 122, 2100, 145, 12, '2017-08-18 16:55:00'),
(251, 6, 'FXH-91', 122, 61, 2100, 145, 12, '2017-08-05 11:35:00'),
(252, 1, 'TDX-57', 122, 61, 2100, 80, 8, '2017-08-01 22:13:00'),
(253, 2, 'EHF-4', 122, 61, 2100, 152, 24, '2017-08-07 23:14:00'),
(254, 5, 'ZAP-57', 122, 61, 2100, 122, 0, '2017-08-11 03:26:00'),
(255, 5, 'YXF-36', 122, 61, 2100, 122, 0, '2017-08-22 11:11:00'),
(256, 2, 'SQA-15', 122, 61, 2100, 152, 24, '2017-08-21 19:47:00'),
(257, 1, 'SUG-2', 122, 61, 2100, 80, 8, '2017-08-04 16:05:00'),
(258, 4, 'JTT-52', 122, 61, 2100, 149, 12, '2017-08-09 05:21:00'),
(259, 7, 'LMM-29', 122, 61, 2100, 168, 18, '2017-08-20 15:15:00'),
(260, 5, 'TYK-47', 122, 61, 2100, 122, 0, '2017-08-17 22:18:00'),
(261, 3, 'GKB-65', 122, 61, 2100, 183, 12, '2017-08-05 00:51:00'),
(262, 4, 'FHR-50', 122, 61, 2100, 149, 12, '2017-08-30 15:09:00'),
(263, 5, 'TFH-94', 122, 61, 2100, 122, 0, '2017-08-24 09:11:00'),
(264, 8, 'OVG-55', 122, 61, 2100, 192, 36, '2017-08-08 01:27:00'),
(265, 5, 'UUY-55', 122, 61, 2100, 122, 0, '2017-08-25 08:41:00'),
(266, 6, 'BPL-2', 122, 61, 2100, 145, 12, '2017-08-23 01:52:00'),
(267, 4, 'QUP-92', 122, 61, 2100, 149, 12, '2017-08-13 09:16:00'),
(268, 3, 'HPM-15', 122, 61, 2100, 183, 12, '2017-08-04 22:26:00'),
(269, 3, 'GCV-93', 122, 61, 2100, 183, 12, '2017-08-14 06:43:00'),
(270, 6, 'UQS-87', 122, 61, 2100, 145, 12, '2017-08-12 16:15:00'),
(271, 4, 'CPW-23', 122, 61, 2100, 149, 12, '2017-08-06 22:05:00'),
(272, 5, 'MIR-71', 122, 61, 2100, 122, 0, '2017-08-06 03:25:00'),
(273, 1, 'URY-49', 122, 61, 2100, 80, 8, '2017-08-30 19:28:00'),
(274, 3, 'ZHW-51', 122, 61, 2100, 183, 12, '2017-08-01 22:33:00'),
(275, 3, 'WNL-11', 122, 61, 2100, 183, 12, '2017-08-31 08:13:00'),
(276, 7, 'ARZ-5', 122, 61, 2100, 168, 18, '2017-08-04 10:31:00'),
(277, 7, 'OKB-99', 122, 61, 2100, 168, 18, '2017-08-25 04:27:00'),
(278, 5, 'GKG-28', 122, 61, 2100, 122, 0, '2017-08-24 05:54:00'),
(279, 6, 'LPL-76', 122, 61, 2100, 145, 12, '2017-08-31 16:58:00'),
(280, 1, 'WNT-70', 122, 61, 2100, 80, 8, '2017-08-29 00:51:00'),
(281, 1, 'YIP-2', 122, 61, 2100, 80, 8, '2017-08-06 14:03:00'),
(282, 7, 'MCG-88', 122, 61, 2100, 168, 18, '2017-08-17 00:54:00'),
(283, 2, 'GZJ-50', 122, 61, 2100, 152, 24, '2017-08-07 01:01:00'),
(284, 5, 'VBL-55', 122, 61, 2100, 122, 0, '2017-08-02 02:30:00'),
(285, 7, 'MHQ-21', 122, 61, 2100, 168, 18, '2017-08-04 12:52:00'),
(286, 8, 'GTS-83', 122, 61, 2100, 192, 36, '2017-08-25 06:52:00'),
(287, 4, 'PTE-85', 122, 61, 2100, 149, 12, '2017-08-06 18:19:00'),
(288, 1, 'SYJ-72', 122, 61, 2100, 80, 8, '2017-08-30 21:47:00'),
(289, 7, 'ANT-91', 122, 61, 2100, 168, 18, '2017-08-03 20:59:00'),
(290, 8, 'EPB-46', 122, 61, 2100, 192, 36, '2017-08-15 16:12:00'),
(291, 3, 'FUR-2', 122, 61, 2100, 183, 12, '2017-08-24 14:03:00'),
(292, 6, 'NXE-36', 122, 61, 2100, 145, 12, '2017-08-12 11:48:00'),
(293, 2, 'HMO-85', 122, 61, 2100, 152, 24, '2017-08-30 06:14:00'),
(294, 7, 'JDU-55', 122, 61, 2100, 168, 18, '2017-08-18 10:24:00'),
(295, 8, 'MXM-85', 122, 61, 2100, 192, 36, '2017-08-14 15:00:00'),
(296, 8, 'VZZ-29', 122, 61, 2100, 192, 36, '2017-08-28 04:26:00'),
(297, 3, 'SEX-55', 122, 61, 2100, 183, 12, '2017-08-24 01:55:00'),
(298, 8, 'AAP-50', 122, 61, 2100, 192, 36, '2017-08-03 09:14:00'),
(299, 4, 'SWY-67', 122, 61, 2100, 149, 12, '2017-08-11 03:21:00'),
(300, 6, 'MGZ-73', 122, 61, 2100, 145, 12, '2017-08-12 20:42:00'),
(301, 7, 'UBM-54', 69, 88, 4273, 168, 18, '2017-08-18 09:03:00'),
(302, 3, 'ITG-14', 211, 121, 3940, 183, 12, '2017-08-30 01:05:00'),
(303, 1, 'GHG-58', 44, 138, 1646, 80, 8, '2017-08-14 16:32:00'),
(304, 8, 'AHM-9', 146, 135, 793, 192, 36, '2017-08-08 07:10:00'),
(305, 3, 'OTH-95', 16, 246, 13691, 183, 12, '2017-08-02 06:53:00'),
(306, 2, 'EQN-39', 153, 259, 667, 152, 24, '2017-08-12 05:50:00'),
(307, 4, 'WZE-43', 200, 126, 1269, 149, 12, '2017-08-24 11:21:00'),
(308, 2, 'HDZ-24', 13, 185, 5268, 152, 24, '2017-08-23 14:57:00'),
(309, 5, 'AJI-4', 199, 73, 7789, 122, 0, '2017-08-27 01:43:00'),
(310, 5, 'JQA-57', 126, 231, 9710, 122, 0, '2017-08-17 02:10:00'),
(311, 1, 'BOS-81', 241, 211, 6423, 80, 8, '2017-08-25 09:52:00'),
(312, 7, 'MQQ-58', 15, 122, 6384, 168, 18, '2017-08-01 08:35:00'),
(313, 8, 'TAO-68', 65, 111, 7625, 192, 36, '2017-08-14 07:06:00'),
(314, 6, 'TSK-55', 160, 4, 6274, 145, 12, '2017-08-11 00:24:00'),
(315, 3, 'DCZ-17', 116, 94, 9940, 183, 12, '2017-08-18 03:05:00'),
(316, 7, 'FQA-45', 219, 75, 2509, 168, 18, '2017-08-10 07:11:00'),
(317, 6, 'SDI-98', 22, 265, 15401, 145, 12, '2017-08-11 12:28:00'),
(318, 6, 'RGV-83', 147, 46, 2484, 145, 12, '2017-08-21 20:41:00'),
(319, 2, 'ZZV-50', 255, 46, 6013, 152, 24, '2017-08-21 13:01:00'),
(320, 6, 'FPV-4', 64, 44, 19818, 145, 12, '2017-08-25 03:06:00'),
(321, 1, 'QAQ-69', 215, 73, 7235, 80, 8, '2017-08-19 04:30:00'),
(322, 5, 'JUH-14', 260, 168, 16573, 122, 0, '2017-08-12 21:31:00'),
(323, 3, 'TYY-8', 181, 265, 16915, 183, 12, '2017-08-31 16:16:00'),
(324, 6, 'SWA-46', 207, 95, 29576, 145, 12, '2017-08-24 05:42:00'),
(325, 8, 'BXH-4', 85, 2, 8549, 192, 36, '2017-08-18 21:02:00'),
(326, 1, 'OCL-7', 12, 50, 8573, 80, 8, '2017-08-05 12:21:00'),
(327, 2, 'GVM-58', 201, 134, 696, 152, 24, '2017-08-07 08:11:00'),
(328, 3, 'VEF-53', 157, 2, 8172, 183, 12, '2017-08-26 22:05:00'),
(329, 1, 'RIL-99', 69, 212, 7393, 80, 8, '2017-08-22 05:36:00'),
(330, 6, 'DEG-9', 157, 196, 20697, 145, 12, '2017-08-22 01:48:00'),
(331, 6, 'PNX-76', 124, 241, 6802, 145, 12, '2017-08-26 10:50:00'),
(332, 3, 'AFU-41', 31, 130, 2235, 183, 12, '2017-08-14 19:40:00'),
(333, 8, 'LBD-93', 232, 62, 15637, 192, 36, '2017-08-10 09:51:00'),
(334, 3, 'YIR-51', 32, 54, 1510, 183, 12, '2017-08-24 14:32:00'),
(335, 2, 'EQM-72', 41, 192, 1083, 152, 24, '2017-08-08 06:15:00'),
(336, 7, 'YYR-53', 72, 189, 7416, 168, 18, '2017-08-23 18:59:00'),
(337, 8, 'IYQ-36', 174, 79, 13467, 192, 36, '2017-08-08 22:10:00'),
(338, 2, 'JGA-58', 174, 231, 1528, 152, 24, '2017-08-18 21:37:00'),
(339, 7, 'PZX-44', 6, 4, 18533, 168, 18, '2017-08-04 02:53:00'),
(340, 1, 'HKI-64', 96, 74, 9079, 80, 8, '2017-08-16 17:53:00'),
(341, 6, 'OWZ-48', 7, 215, 619, 145, 12, '2017-08-22 17:00:00'),
(342, 5, 'OEY-39', 263, 193, 1159, 122, 0, '2017-08-18 09:01:00'),
(343, 2, 'XHJ-72', 191, 117, 2383, 152, 24, '2017-08-22 21:42:00'),
(344, 5, 'KVB-62', 87, 131, 17142, 122, 0, '2017-08-21 07:15:00'),
(345, 6, 'QRM-38', 240, 228, 11520, 145, 12, '2017-08-18 00:34:00'),
(346, 6, 'YIQ-47', 9, 264, 17401, 145, 12, '2017-08-30 06:58:00'),
(347, 6, 'NZS-7', 215, 237, 8132, 145, 12, '2017-08-03 08:35:00'),
(348, 3, 'RHG-3', 201, 170, 19000, 183, 12, '2017-08-05 13:50:00'),
(349, 8, 'KMZ-79', 96, 142, 10496, 192, 36, '2017-08-27 03:01:00'),
(350, 8, 'TPP-1', 5, 121, 6288, 192, 36, '2017-08-13 19:48:00'),
(351, 8, 'ICB-82', 82, 259, 723, 192, 36, '2017-08-05 09:30:00'),
(352, 3, 'TKS-35', 164, 97, 7153, 183, 12, '2017-08-14 21:51:00'),
(353, 8, 'HYB-23', 4, 113, 10506, 192, 36, '2017-08-24 00:46:00'),
(354, 3, 'NTG-80', 212, 190, 9412, 183, 12, '2017-08-14 02:42:00'),
(355, 5, 'YWA-58', 72, 187, 16657, 122, 0, '2017-08-13 08:27:00'),
(356, 7, 'OUJ-42', 187, 225, 851, 168, 18, '2017-08-17 12:44:00'),
(357, 8, 'HUX-24', 107, 141, 5791, 192, 36, '2017-08-01 02:20:00'),
(358, 6, 'VBT-34', 48, 24, 2275, 145, 12, '2017-08-04 04:44:00'),
(359, 3, 'GTC-46', 184, 204, 16777, 183, 12, '2017-08-18 17:56:00'),
(360, 7, 'GSJ-3', 32, 160, 14805, 168, 18, '2017-08-24 00:51:00'),
(361, 1, 'WQJ-85', 5, 3, 9608, 80, 8, '2017-08-21 10:45:00'),
(362, 7, 'TTP-92', 221, 82, 1445, 168, 18, '2017-08-15 03:39:00'),
(363, 7, 'BIQ-24', 165, 227, 3562, 168, 18, '2017-08-05 18:07:00'),
(364, 3, 'WZW-60', 73, 108, 1525, 183, 12, '2017-08-05 06:32:00'),
(365, 6, 'WEO-77', 140, 235, 994, 145, 12, '2017-08-10 10:16:00'),
(366, 3, 'BGH-50', 262, 200, 1249, 183, 12, '2017-08-30 04:55:00'),
(367, 8, 'OYO-59', 243, 221, 8026, 192, 36, '2017-08-14 00:11:00'),
(368, 2, 'CYB-6', 203, 35, 4683, 152, 24, '2017-08-29 17:21:00'),
(369, 3, 'UYL-86', 224, 51, 7824, 183, 12, '2017-08-13 13:45:00'),
(370, 8, 'KGB-37', 117, 91, 1076, 192, 36, '2017-08-29 00:49:00'),
(371, 2, 'DKQ-40', 182, 131, 1926, 152, 24, '2017-08-07 16:35:00'),
(372, 8, 'BQU-53', 254, 138, 7972, 192, 36, '2017-08-09 01:48:00'),
(373, 5, 'PVG-5', 93, 221, 8077, 122, 0, '2017-08-27 09:36:00'),
(374, 8, 'KVS-61', 214, 253, 649, 192, 36, '2017-08-02 17:48:00'),
(375, 8, 'AXH-60', 137, 79, 16425, 192, 36, '2017-08-24 16:13:00'),
(376, 2, 'ANZ-95', 130, 4, 18020, 152, 24, '2017-08-04 01:28:00'),
(377, 5, 'IJL-17', 73, 152, 7474, 122, 0, '2017-08-21 21:45:00'),
(378, 6, 'DWL-54', 59, 261, 11179, 145, 12, '2017-08-08 06:32:00'),
(379, 2, 'FMA-5', 123, 212, 7911, 152, 24, '2017-08-20 23:02:00'),
(380, 7, 'IJU-26', 80, 153, 6464, 168, 18, '2017-08-04 15:14:00'),
(381, 6, 'JSI-84', 118, 165, 10203, 145, 12, '2017-08-28 19:02:00'),
(382, 6, 'CSA-88', 80, 221, 6135, 145, 12, '2017-08-27 18:13:00'),
(383, 1, 'JRA-25', 146, 49, 2104, 80, 8, '2017-08-27 08:19:00'),
(384, 1, 'HLJ-86', 191, 181, 1625, 80, 8, '2017-08-17 17:07:00'),
(385, 2, 'UXW-23', 242, 210, 9638, 152, 24, '2017-08-05 16:46:00'),
(386, 7, 'ACP-6', 208, 59, 11763, 168, 18, '2017-08-04 23:59:00'),
(387, 5, 'MBA-88', 46, 175, 12509, 122, 0, '2017-08-18 02:02:00'),
(388, 1, 'XJS-30', 182, 137, 9385, 80, 8, '2017-08-26 22:46:00'),
(389, 4, 'SDA-41', 177, 186, 9130, 149, 12, '2017-08-10 08:44:00'),
(390, 1, 'FWI-65', 13, 57, 41133, 80, 8, '2017-08-09 20:19:00'),
(391, 6, 'EKF-2', 204, 167, 8055, 145, 12, '2017-08-11 19:11:00'),
(392, 4, 'FHI-67', 38, 210, 17536, 149, 12, '2017-08-06 15:55:00'),
(393, 7, 'VDP-87', 131, 179, 8934, 168, 18, '2017-08-08 20:29:00'),
(394, 4, 'SYC-65', 257, 213, 6513, 149, 12, '2017-08-21 10:41:00'),
(395, 8, 'RFH-36', 74, 50, 1155, 192, 36, '2017-08-13 14:59:00'),
(396, 3, 'MSC-39', 200, 205, 6404, 183, 12, '2017-08-07 12:20:00'),
(397, 2, 'OKB-35', 235, 40, 16093, 152, 24, '2017-08-29 18:20:00'),
(398, 7, 'JQB-47', 3, 123, 14103, 168, 18, '2017-08-28 06:09:00'),
(399, 2, 'XAC-49', 244, 259, 16911, 152, 24, '2017-08-05 00:08:00'),
(400, 2, 'WBK-90', 257, 224, 16974, 152, 24, '2017-08-06 11:06:00'),
(401, 3, 'PKW-84', 84, 237, 3509, 183, 12, '2017-08-12 02:22:00'),
(402, 3, 'CEM-34', 27, 110, 8404, 183, 12, '2017-08-22 22:08:00'),
(403, 8, 'QAZ-65', 151, 95, 8569, 192, 36, '2017-08-10 10:21:00'),
(404, 7, 'RHJ-43', 65, 127, 6872, 168, 18, '2017-08-22 21:31:00'),
(405, 3, 'DXI-40', 55, 96, 9734, 183, 12, '2017-08-26 14:48:00'),
(406, 3, 'QTC-14', 122, 100, 2408, 183, 12, '2017-08-14 07:16:00'),
(407, 5, 'RVG-65', 169, 110, 3417, 122, 0, '2017-08-12 21:03:00'),
(408, 8, 'GJQ-43', 144, 230, 9560, 192, 36, '2017-08-19 06:22:00'),
(409, 2, 'XSJ-32', 85, 138, 21618, 152, 24, '2017-08-16 12:03:00'),
(410, 3, 'KWQ-27', 176, 48, 8663, 183, 12, '2017-08-30 13:57:00'),
(411, 1, 'WHV-5', 90, 213, 4540, 80, 8, '2017-08-12 06:22:00'),
(412, 3, 'JBY-11', 225, 139, 1599, 183, 12, '2017-08-26 18:40:00'),
(413, 3, 'KZG-45', 99, 36, 13821, 183, 12, '2017-08-16 07:18:00'),
(414, 1, 'VAF-31', 190, 74, 14293, 80, 8, '2017-08-08 18:20:00'),
(415, 2, 'GKG-27', 253, 104, 7129, 152, 24, '2017-08-22 10:35:00'),
(416, 3, 'QTY-66', 236, 30, 2731, 183, 12, '2017-08-18 14:17:00'),
(417, 3, 'TDD-23', 133, 216, 8298, 183, 12, '2017-08-26 05:08:00'),
(418, 7, 'ONQ-7', 195, 210, 8722, 168, 18, '2017-08-28 02:24:00'),
(419, 1, 'GEW-91', 201, 3, 14256, 80, 8, '2017-08-05 17:25:00'),
(420, 7, 'VOH-75', 246, 238, 18373, 168, 18, '2017-08-07 07:41:00'),
(421, 7, 'UZF-49', 59, 182, 12302, 168, 18, '2017-08-03 15:28:00'),
(422, 8, 'OJR-49', 53, 247, 7503, 192, 36, '2017-08-28 14:07:00'),
(423, 4, 'JBD-91', 3, 61, 8200, 149, 12, '2017-08-22 21:36:00'),
(424, 3, 'KVE-5', 90, 157, 14354, 183, 12, '2017-08-16 17:20:00'),
(425, 1, 'DHO-7', 159, 229, 11811, 80, 8, '2017-08-23 21:55:00'),
(426, 2, 'FSE-93', 163, 29, 5892, 152, 24, '2017-08-25 18:45:00'),
(427, 4, 'WHH-4', 29, 92, 2830, 149, 12, '2017-08-25 23:42:00'),
(428, 2, 'GCU-30', 143, 100, 6405, 152, 24, '2017-08-11 13:03:00'),
(429, 3, 'PCJ-13', 204, 71, 7332, 183, 12, '2017-08-28 14:07:00'),
(430, 1, 'PLX-45', 12, 106, 3775, 80, 8, '2017-08-06 08:57:00'),
(431, 2, 'IVQ-19', 147, 171, 12687, 152, 24, '2017-08-03 17:22:00'),
(432, 4, 'SRZ-11', 208, 220, 12512, 149, 12, '2017-08-14 22:21:00'),
(433, 7, 'HGH-47', 15, 167, 697, 168, 18, '2017-08-11 14:02:00'),
(434, 3, 'JCT-82', 123, 252, 5683, 183, 12, '2017-08-09 16:18:00'),
(435, 1, 'ECY-32', 107, 104, 4888, 80, 8, '2017-08-12 09:52:00'),
(436, 4, 'ERJ-72', 244, 202, 17397, 149, 12, '2017-08-14 06:21:00'),
(437, 8, 'QLQ-10', 25, 45, 1102, 192, 36, '2017-08-11 18:05:00'),
(438, 2, 'PSC-58', 73, 20, 3179, 152, 24, '2017-08-31 04:21:00'),
(439, 4, 'BZC-79', 4, 8, 8058, 149, 12, '2017-08-09 09:15:00'),
(440, 4, 'YUW-10', 14, 118, 1588, 149, 12, '2017-08-20 20:35:00'),
(441, 6, 'OIM-79', 231, 167, 9581, 145, 12, '2017-08-19 06:18:00'),
(442, 1, 'HCZ-65', 60, 230, 8781, 80, 8, '2017-08-13 20:54:00'),
(443, 5, 'QJU-38', 6, 110, 9358, 122, 0, '2017-08-03 02:57:00'),
(444, 6, 'WEB-50', 92, 26, 10527, 145, 12, '2017-08-14 00:01:00'),
(445, 6, 'HJE-75', 221, 122, 5099, 145, 12, '2017-08-31 14:56:00'),
(446, 5, 'FDB-37', 191, 261, 1285, 122, 0, '2017-08-03 05:22:00'),
(447, 2, 'WEJ-17', 91, 44, 2898, 152, 24, '2017-08-30 10:47:00'),
(448, 1, 'NOO-97', 208, 180, 8508, 80, 8, '2017-08-23 07:32:00'),
(449, 6, 'SPU-57', 56, 6, 866, 145, 12, '2017-08-05 07:03:00'),
(450, 4, 'BVN-87', 3, 155, 14775, 149, 12, '2017-08-14 14:57:00'),
(451, 4, 'GJL-82', 93, 40, 9153, 149, 12, '2017-08-12 21:16:00'),
(452, 6, 'TJQ-46', 216, 198, 3452, 145, 12, '2017-08-22 05:11:00'),
(453, 1, 'IID-28', 148, 137, 8280, 80, 8, '2017-08-22 09:38:00'),
(454, 4, 'CVK-7', 34, 256, 15358, 149, 12, '2017-08-06 10:03:00'),
(455, 4, 'MRJ-37', 225, 99, 14585, 149, 12, '2017-08-22 20:00:00'),
(456, 7, 'IZT-91', 203, 17, 8316, 168, 18, '2017-08-20 13:17:00'),
(457, 1, 'WXF-17', 68, 39, 6528, 80, 8, '2017-08-19 23:28:00'),
(458, 6, 'WQI-42', 63, 66, 1261, 145, 12, '2017-08-03 12:53:00'),
(459, 2, 'RFB-34', 173, 97, 6990, 152, 24, '2017-08-27 01:08:00'),
(460, 2, 'DPK-53', 73, 70, 7320, 152, 24, '2017-08-02 20:26:00'),
(461, 2, 'FMB-6', 104, 43, 924, 152, 24, '2017-08-10 09:55:00'),
(462, 7, 'VKW-53', 57, 173, 41272, 168, 18, '2017-08-06 13:21:00'),
(463, 5, 'QHI-4', 77, 179, 9862, 122, 0, '2017-08-05 14:30:00'),
(464, 2, 'LXP-64', 23, 225, 1434, 152, 24, '2017-08-26 08:10:00'),
(465, 6, 'ODH-41', 261, 101, 11112, 145, 12, '2017-08-30 12:34:00'),
(466, 3, 'PJM-37', 106, 167, 7456, 183, 12, '2017-08-11 02:55:00'),
(467, 4, 'OSK-7', 10, 98, 8792, 149, 12, '2017-08-17 20:04:00'),
(468, 6, 'VJH-41', 128, 237, 8500, 145, 12, '2017-08-07 01:25:00'),
(469, 4, 'VKV-27', 238, 158, 9486, 149, 12, '2017-08-18 00:03:00'),
(470, 8, 'FVG-3', 246, 1, 6572, 192, 36, '2017-08-15 16:12:00'),
(471, 4, 'GAE-57', 110, 258, 9564, 149, 12, '2017-08-22 18:16:00'),
(472, 1, 'ESR-12', 27, 4, 17162, 80, 8, '2017-08-02 22:27:00'),
(473, 6, 'QUM-9', 124, 231, 9869, 145, 12, '2017-08-16 18:11:00'),
(474, 3, 'XTK-95', 153, 71, 1138, 183, 12, '2017-08-11 08:18:00'),
(475, 1, 'WKR-28', 196, 30, 6820, 80, 8, '2017-08-06 22:11:00'),
(476, 5, 'MVC-67', 18, 231, 9110, 122, 0, '2017-08-29 20:18:00'),
(477, 8, 'KPY-66', 158, 199, 6433, 192, 36, '2017-08-17 05:33:00'),
(478, 2, 'PLK-46', 17, 58, 2230, 152, 24, '2017-08-26 21:37:00'),
(479, 3, 'CEO-67', 197, 43, 7211, 183, 12, '2017-08-03 22:42:00'),
(480, 5, 'WRG-92', 198, 228, 5149, 122, 0, '2017-08-02 11:33:00'),
(481, 1, 'LKG-94', 254, 62, 8550, 80, 8, '2017-08-11 16:57:00'),
(482, 4, 'LZQ-45', 190, 169, 11794, 149, 12, '2017-08-07 23:44:00'),
(483, 2, 'NNE-36', 126, 244, 17194, 152, 24, '2017-08-16 23:49:00'),
(484, 5, 'QZI-64', 251, 61, 2673, 122, 0, '2017-08-09 02:56:00'),
(485, 3, 'HRG-11', 21, 91, 1093, 183, 12, '2017-08-09 17:54:00'),
(486, 5, 'VRZ-41', 174, 147, 10935, 122, 0, '2017-08-30 05:55:00'),
(487, 7, 'FWK-66', 243, 205, 2743, 168, 18, '2017-08-23 00:49:00'),
(488, 7, 'UEE-20', 228, 200, 11222, 168, 18, '2017-08-30 18:13:00'),
(489, 2, 'YQC-67', 91, 181, 1956, 152, 24, '2017-08-08 13:19:00'),
(490, 8, 'DND-19', 123, 231, 9508, 192, 36, '2017-08-20 22:52:00'),
(491, 5, 'ZFJ-10', 59, 183, 12001, 122, 0, '2017-08-30 07:28:00'),
(492, 8, 'SRL-13', 174, 218, 4088, 192, 36, '2017-08-05 01:56:00'),
(493, 2, 'VIU-44', 217, 213, 6326, 152, 24, '2017-08-21 22:26:00'),
(494, 6, 'TAG-38', 42, 233, 16431, 145, 12, '2017-08-08 01:55:00'),
(495, 1, 'XXD-73', 99, 205, 7312, 80, 8, '2017-08-27 00:20:00'),
(496, 5, 'XOQ-5', 181, 60, 1746, 122, 0, '2017-08-06 16:21:00'),
(497, 4, 'PPF-33', 184, 171, 12990, 149, 12, '2017-08-23 20:12:00'),
(498, 5, 'AVA-85', 111, 83, 3751, 122, 0, '2017-08-11 08:23:00'),
(499, 7, 'VTV-55', 117, 235, 16459, 168, 18, '2017-08-15 02:24:00'),
(500, 6, 'YPE-65', 1, 187, 7673, 145, 12, '2017-08-04 08:40:00'),
(501, 5, 'CUE-6', 132, 20, 6824, 122, 0, '2017-08-07 04:06:00'),
(502, 8, 'ZXD-99', 170, 96, 10026, 192, 36, '2017-08-24 23:56:00'),
(503, 1, 'MGD-1', 203, 16, 8002, 80, 8, '2017-08-14 14:53:00'),
(504, 3, 'ESZ-45', 65, 110, 8572, 183, 12, '2017-08-03 16:47:00'),
(505, 7, 'MLH-27', 251, 223, 5019, 168, 18, '2017-08-02 02:25:00'),
(506, 2, 'FBG-45', 180, 134, 7627, 152, 24, '2017-08-10 13:58:00'),
(507, 6, 'SVF-3', 73, 172, 8135, 145, 12, '2017-08-12 03:19:00'),
(508, 8, 'LYQ-82', 187, 42, 17505, 192, 36, '2017-08-01 04:06:00'),
(509, 7, 'UJD-60', 51, 219, 4393, 168, 18, '2017-08-24 05:44:00'),
(510, 7, 'WWE-96', 215, 111, 8155, 168, 18, '2017-08-18 17:40:00'),
(511, 5, 'VZQ-93', 1, 20, 3335, 122, 0, '2017-08-05 16:36:00'),
(512, 6, 'BDV-48', 160, 27, 13732, 145, 12, '2017-08-06 13:14:00'),
(513, 7, 'UWR-66', 136, 220, 12323, 168, 18, '2017-08-25 18:40:00'),
(514, 4, 'YBU-58', 221, 40, 1927, 149, 12, '2017-08-03 20:34:00'),
(515, 2, 'DAU-77', 101, 113, 3942, 152, 24, '2017-08-28 00:47:00'),
(516, 2, 'HWR-94', 15, 73, 7874, 152, 24, '2017-08-01 04:56:00'),
(517, 4, 'AIH-73', 231, 123, 9508, 149, 12, '2017-08-30 02:33:00'),
(518, 5, 'CJO-13', 262, 213, 10608, 122, 0, '2017-08-27 06:37:00'),
(519, 8, 'FCL-36', 222, 245, 16493, 192, 36, '2017-08-02 10:27:00'),
(520, 6, 'YXO-22', 22, 14, 1622, 145, 12, '2017-08-24 03:07:00'),
(521, 7, 'JMW-57', 52, 151, 1224, 168, 18, '2017-08-18 23:24:00'),
(522, 7, 'YRZ-71', 225, 229, 1521, 168, 18, '2017-08-05 11:23:00'),
(523, 7, 'PDY-65', 149, 124, 8484, 168, 18, '2017-08-07 00:50:00'),
(524, 4, 'KOQ-3', 174, 35, 1721, 149, 12, '2017-08-20 08:26:00'),
(525, 7, 'XXZ-86', 259, 72, 15437, 168, 18, '2017-08-23 01:40:00'),
(526, 2, 'CSB-86', 253, 200, 1768, 152, 24, '2017-08-19 05:27:00'),
(527, 8, 'XEE-41', 252, 88, 9123, 192, 36, '2017-08-30 23:10:00'),
(528, 8, 'OCV-52', 98, 95, 9083, 192, 36, '2017-08-04 19:24:00'),
(529, 4, 'LZG-60', 44, 177, 9311, 149, 12, '2017-08-07 09:57:00'),
(530, 8, 'FUP-58', 3, 162, 14767, 192, 36, '2017-08-13 08:59:00'),
(531, 3, 'KMC-94', 101, 25, 10936, 183, 12, '2017-08-23 11:25:00'),
(532, 1, 'DIM-86', 254, 17, 8953, 80, 8, '2017-08-08 21:34:00'),
(533, 4, 'XAH-10', 93, 225, 9794, 149, 12, '2017-08-05 05:27:00'),
(534, 1, 'BFD-96', 143, 100, 6405, 80, 8, '2017-08-17 19:26:00'),
(535, 3, 'MOW-36', 67, 34, 7621, 183, 12, '2017-08-15 09:01:00'),
(536, 1, 'RXL-71', 106, 74, 6429, 80, 8, '2017-08-21 07:57:00'),
(537, 5, 'YLP-18', 244, 97, 10511, 122, 0, '2017-08-09 11:40:00'),
(538, 2, 'XDY-99', 219, 187, 11170, 152, 24, '2017-08-27 06:19:00'),
(539, 6, 'JLO-10', 1, 243, 4185, 145, 12, '2017-08-25 16:37:00'),
(540, 2, 'SFY-42', 88, 102, 7907, 152, 24, '2017-08-01 17:35:00'),
(541, 3, 'TAU-25', 66, 200, 1692, 183, 12, '2017-08-29 00:44:00'),
(542, 1, 'CCM-23', 89, 249, 7286, 80, 8, '2017-08-19 23:40:00'),
(543, 2, 'WFL-91', 172, 227, 13475, 152, 24, '2017-08-10 21:33:00'),
(544, 8, 'JKZ-24', 24, 194, 19172, 192, 36, '2017-08-17 00:36:00'),
(545, 4, 'BJU-73', 205, 217, 10359, 149, 12, '2017-08-25 09:50:00'),
(546, 4, 'OYI-75', 46, 245, 21145, 149, 12, '2017-08-30 03:00:00'),
(547, 8, 'JDW-5', 89, 210, 7029, 192, 36, '2017-08-20 21:48:00'),
(548, 2, 'KFV-58', 156, 201, 11985, 152, 24, '2017-08-23 00:45:00'),
(549, 3, 'QSE-46', 12, 242, 5930, 183, 12, '2017-08-14 14:40:00'),
(550, 2, 'URI-72', 2, 10, 15263, 152, 24, '2017-08-28 07:09:00'),
(551, 6, 'EQC-74', 170, 244, 6156, 145, 12, '2017-08-15 02:50:00'),
(552, 1, 'JNA-16', 44, 110, 8311, 80, 8, '2017-08-22 13:35:00'),
(553, 1, 'FJR-57', 176, 171, 2674, 80, 8, '2017-08-13 05:03:00'),
(554, 3, 'BDU-79', 187, 60, 1971, 183, 12, '2017-08-07 03:55:00'),
(555, 1, 'GDR-53', 244, 210, 7751, 80, 8, '2017-08-03 09:02:00'),
(556, 5, 'AQD-6', 151, 3, 6182, 122, 0, '2017-08-27 19:34:00'),
(557, 5, 'BFY-58', 235, 99, 4773, 122, 0, '2017-08-29 13:12:00'),
(558, 6, 'RBO-81', 109, 202, 8521, 145, 12, '2017-08-04 22:06:00'),
(559, 8, 'NHY-36', 105, 185, 1963, 192, 36, '2017-08-01 22:34:00'),
(560, 7, 'YSC-14', 40, 244, 17027, 168, 18, '2017-08-11 13:49:00'),
(561, 4, 'DMK-41', 246, 20, 6743, 149, 12, '2017-08-06 03:41:00'),
(562, 8, 'VRM-33', 228, 192, 11773, 192, 36, '2017-08-23 15:12:00'),
(563, 4, 'NCE-10', 106, 78, 7415, 149, 12, '2017-08-06 06:34:00'),
(564, 1, 'RLH-74', 181, 66, 1828, 80, 8, '2017-08-17 12:24:00'),
(565, 1, 'QRY-7', 118, 243, 8761, 80, 8, '2017-08-22 23:15:00'),
(566, 3, 'FRH-35', 42, 76, 17212, 183, 12, '2017-08-27 10:20:00'),
(567, 2, 'KKY-79', 258, 246, 1655, 152, 24, '2017-08-22 13:11:00'),
(568, 4, 'FCH-38', 132, 256, 22036, 149, 12, '2017-08-30 21:22:00'),
(569, 7, 'FKQ-19', 255, 17, 7907, 168, 18, '2017-08-17 01:40:00'),
(570, 6, 'JBR-3', 240, 69, 13869, 145, 12, '2017-08-16 12:48:00'),
(571, 4, 'PSX-15', 199, 121, 6919, 149, 12, '2017-08-13 22:29:00'),
(572, 6, 'TBC-60', 70, 8, 9417, 145, 12, '2017-08-28 03:17:00'),
(573, 4, 'CKY-23', 207, 33, 16653, 149, 12, '2017-08-14 14:33:00'),
(574, 4, 'WEA-77', 149, 7, 7292, 149, 12, '2017-08-21 04:43:00'),
(575, 6, 'VTV-75', 116, 190, 8697, 145, 12, '2017-08-05 00:23:00'),
(576, 7, 'CJK-63', 192, 241, 6152, 168, 18, '2017-08-15 00:42:00'),
(577, 1, 'YSR-73', 96, 77, 10236, 80, 8, '2017-08-14 17:43:00'),
(578, 5, 'ASC-42', 23, 89, 12614, 122, 0, '2017-08-29 07:34:00'),
(579, 7, 'WUY-77', 6, 122, 6821, 168, 18, '2017-08-01 10:25:00'),
(580, 2, 'SAW-76', 207, 89, 24985, 152, 24, '2017-08-21 09:00:00'),
(581, 8, 'FET-17', 156, 183, 12342, 192, 36, '2017-08-07 20:45:00'),
(582, 2, 'JGV-40', 179, 115, 6685, 152, 24, '2017-08-15 05:24:00'),
(583, 5, 'DXC-9', 6, 175, 14141, 122, 0, '2017-08-31 19:06:00'),
(584, 4, 'QCO-54', 41, 215, 2468, 149, 12, '2017-08-05 17:33:00'),
(585, 4, 'QHF-99', 143, 88, 7512, 149, 12, '2017-08-19 19:52:00'),
(586, 2, 'CBB-86', 46, 110, 7745, 152, 24, '2017-08-09 11:15:00'),
(587, 7, 'DCM-24', 140, 193, 16445, 168, 18, '2017-08-15 21:43:00'),
(588, 3, 'ACG-80', 156, 147, 12449, 183, 12, '2017-08-05 10:26:00'),
(589, 6, 'XOQ-15', 162, 169, 9129, 145, 12, '2017-08-30 03:44:00'),
(590, 5, 'YWS-31', 12, 165, 5503, 122, 0, '2017-08-22 05:10:00'),
(591, 6, 'HZY-27', 191, 229, 1564, 145, 12, '2017-08-16 09:00:00'),
(592, 6, 'YTI-97', 51, 259, 7175, 145, 12, '2017-08-27 06:35:00'),
(593, 1, 'HJZ-78', 171, 3, 3117, 80, 8, '2017-08-25 15:36:00'),
(594, 8, 'UJU-19', 148, 50, 1132, 192, 36, '2017-08-25 16:26:00'),
(595, 7, 'LXN-99', 191, 42, 16499, 168, 18, '2017-08-28 00:20:00'),
(596, 7, 'OGF-73', 1, 237, 3685, 168, 18, '2017-08-16 08:18:00'),
(597, 7, 'NNY-37', 222, 17, 8221, 168, 18, '2017-08-17 02:46:00'),
(598, 3, 'UTL-38', 198, 156, 4422, 183, 12, '2017-08-04 22:54:00'),
(599, 7, 'JHY-75', 94, 139, 15462, 168, 18, '2017-08-05 06:36:00'),
(600, 2, 'DFM-47', 94, 177, 8881, 152, 24, '2017-08-14 12:24:00');

-- --------------------------------------------------------

--
-- Table structure for table `flightplace`
--

CREATE TABLE `flightplace` (
  `id` bigint(20) NOT NULL,
  `flight_id` bigint(20) NOT NULL,
  `places_econom` varchar(1000) NOT NULL,
  `places_business` varchar(1000) NOT NULL
) ENGINE=InnoDB DEFAULT CHARSET=latin1;

--
-- Dumping data for table `flightplace`
--

INSERT INTO `flightplace` (`id`, `flight_id`, `places_econom`, `places_business`) VALUES
(1, 209, '00000000000000000000000000000000000000000000000000000000000000000000000000000000000000000000000000000000000000000000000000000000000000000000000000', '0000000000000'),
(2, 357, '0000000000000000000000000000000000000000000000000000000000000000000000000000000000000000000000000000000000000000000000000000000000000000000000000000000000000000000000000000000000000000000000000', '0000000000000000000000000000000000000'),
(3, 508, '0000000000000000000000000000000000000000000000000000000000000000000000000000000000000000000000000000000000000000000000000000000000000000000000000000000000000000000000000000000000000000000000000', '0000000000000000000000000000000000000'),
(4, 516, '000000000000000000000000000000000000000000000000000000000000000000000000000000000000000000000000000000000000000000000000000000000000000000000000000000000', '0000000000000000000000000'),
(5, 152, '000000000000000000000000000000000000000000000000000000000000000000000000000000000000000000000000000000000000000000000000000000000000000000000000000000', '0000000000000'),
(6, 87, '000000000000000000000000000000000000000000000000000000000000000000000000000000000000000000000000000000000000000000000000000', '0'),
(7, 75, '0000000000000000000000000000000000000000000000000000000000000000000000000000000000000000000000000000000000000000000000000000000000000000000000000000000000000000000000000', '0000000000000000000'),
(8, 312, '0000000000000000000000000000000000000000000000000000000000000000000000000000000000000000000000000000000000000000000000000000000000000000000000000000000000000000000000000', '0000000000000000000'),
(9, 579, '0000000000000000000000000000000000000000000000000000000000000000000000000000000000000000000000000000000000000000000000000000000000000000000000000000000000000000000000000', '0000000000000000000'),
(10, 148, '00000000000000000000000000000000000000000000000000000000000000000000000000000000000000000000000000000000000000000000000000000000000000000000000000', '0000000000000'),
(11, 234, '0000000000000000000000000000000000000000000000000000000000000000000000000000000000000000000000000000000000000000000000000000000000000000000000000000000000000000000000000', '0000000000000000000'),
(12, 118, '0000000000000000000000000000000000000000000000000000000000000000000000000000000000000000000000000000000000000000000000000000000000000000000000000000000000000000000000000000000000000000', '0000000000000'),
(13, 167, '0000000000000000000000000000000000000000000000000000000000000000000000000000000000000000000000000000000000000000000000000000000000000000000000000000000000000000000000000000000000000000', '0000000000000'),
(14, 540, '000000000000000000000000000000000000000000000000000000000000000000000000000000000000000000000000000000000000000000000000000000000000000000000000000000000', '0000000000000000000000000'),
(15, 114, '000000000000000000000000000000000000000000000000000000000000000000000000000000000000000000000000000000000000000000000000000', '0'),
(16, 91, '0000000000000000000000000000000000000000000000000000000000000000000000000000000000000000000000000000000000000000000000000000000000000000000000000000000000000000000000000000000000000000000000000', '0000000000000000000000000000000000000'),
(17, 252, '000000000000000000000000000000000000000000000000000000000000000000000000000000000', '000000000'),
(18, 274, '0000000000000000000000000000000000000000000000000000000000000000000000000000000000000000000000000000000000000000000000000000000000000000000000000000000000000000000000000000000000000000', '0000000000000'),
(19, 559, '0000000000000000000000000000000000000000000000000000000000000000000000000000000000000000000000000000000000000000000000000000000000000000000000000000000000000000000000000000000000000000000000000', '0000000000000000000000000000000000000'),
(20, 242, '0000000000000000000000000000000000000000000000000000000000000000000000000000000000000000000000000000000000000000000000000000000000000000000000000000000000000000000000000000000000000000000000000', '0000000000000000000000000000000000000'),
(21, 505, '0000000000000000000000000000000000000000000000000000000000000000000000000000000000000000000000000000000000000000000000000000000000000000000000000000000000000000000000000', '0000000000000000000'),
(22, 284, '000000000000000000000000000000000000000000000000000000000000000000000000000000000000000000000000000000000000000000000000000', '0'),
(23, 37, '000000000000000000000000000000000000000000000000000000000000000000000000000000000000000000000000000000000000000000000000000000000000000000000000000000', '0000000000000'),
(24, 305, '0000000000000000000000000000000000000000000000000000000000000000000000000000000000000000000000000000000000000000000000000000000000000000000000000000000000000000000000000000000000000000', '0000000000000'),
(25, 193, '0000000000000000000000000000000000000000000000000000000000000000000000000000000000000000000000000000000000000000000000000000000000000000000000000000000000000000000000000', '0000000000000000000'),
(26, 519, '0000000000000000000000000000000000000000000000000000000000000000000000000000000000000000000000000000000000000000000000000000000000000000000000000000000000000000000000000000000000000000000000000', '0000000000000000000000000000000000000'),
(27, 480, '000000000000000000000000000000000000000000000000000000000000000000000000000000000000000000000000000000000000000000000000000', '0'),
(28, 38, '0000000000000000000000000000000000000000000000000000000000000000000000000000000000000000000000000000000000000000000000000000000000000000000000000000000000000000000000000000000000000000', '0000000000000'),
(29, 211, '0000000000000000000000000000000000000000000000000000000000000000000000000000000000000000000000000000000000000000000000000000000000000000000000000000000000000000000000000000000000000000000000000', '0000000000000000000000000000000000000'),
(30, 374, '0000000000000000000000000000000000000000000000000000000000000000000000000000000000000000000000000000000000000000000000000000000000000000000000000000000000000000000000000000000000000000000000000', '0000000000000000000000000000000000000'),
(31, 142, '0000000000000000000000000000000000000000000000000000000000000000000000000000000000000000000000000000000000000000000000000000000000000000000000000000000000000000000000000000000000000000000000000', '0000000000000000000000000000000000000'),
(32, 228, '000000000000000000000000000000000000000000000000000000000000000000000000000000000000000000000000000000000000000000000000000000000000000000000000000000', '0000000000000'),
(33, 460, '000000000000000000000000000000000000000000000000000000000000000000000000000000000000000000000000000000000000000000000000000000000000000000000000000000000', '0000000000000000000000000'),
(34, 9, '000000000000000000000000000000000000000000000000000000000000000000000000000000000000000000000000000000000000000000000000000000000000000000000000000000', '0000000000000'),
(35, 472, '000000000000000000000000000000000000000000000000000000000000000000000000000000000', '000000000'),
(36, 89, '000000000000000000000000000000000000000000000000000000000000000000000000000000000', '000000000'),
(37, 236, '000000000000000000000000000000000000000000000000000000000000000000000000000000000', '000000000'),
(38, 443, '000000000000000000000000000000000000000000000000000000000000000000000000000000000000000000000000000000000000000000000000000', '0'),
(39, 165, '000000000000000000000000000000000000000000000000000000000000000000000000000000000000000000000000000000000000000000000000000000000000000000000000000000000', '0000000000000000000000000'),
(40, 240, '000000000000000000000000000000000000000000000000000000000000000000000000000000000000000000000000000000000000000000000000000000000000000000000000000000', '0000000000000'),
(41, 446, '000000000000000000000000000000000000000000000000000000000000000000000000000000000000000000000000000000000000000000000000000', '0'),
(42, 99, '0000000000000000000000000000000000000000000000000000000000000000000000000000000000000000000000000000000000000000000000000000000000000000000000000000000000000000000000000000000000000000000000000', '0000000000000000000000000000000000000'),
(43, 97, '0000000000000000000000000000000000000000000000000000000000000000000000000000000000000000000000000000000000000000000000000000000000000000000000000000000000000000000000000000000000000000000000000', '0000000000000000000000000000000000000'),
(44, 50, '0000000000000000000000000000000000000000000000000000000000000000000000000000000000000000000000000000000000000000000000000000000000000000000000000000000000000000000000000000000000000000000000000', '0000000000000000000000000000000000000'),
(45, 347, '00000000000000000000000000000000000000000000000000000000000000000000000000000000000000000000000000000000000000000000000000000000000000000000000000', '0000000000000'),
(46, 147, '0000000000000000000000000000000000000000000000000000000000000000000000000000000000000000000000000000000000000000000000000000000000000000000000000000000000000000000000000000000000000000', '0000000000000'),
(47, 555, '000000000000000000000000000000000000000000000000000000000000000000000000000000000', '000000000'),
(48, 298, '0000000000000000000000000000000000000000000000000000000000000000000000000000000000000000000000000000000000000000000000000000000000000000000000000000000000000000000000000000000000000000000000000', '0000000000000000000000000000000000000'),
(49, 227, '0000000000000000000000000000000000000000000000000000000000000000000000000000000000000000000000000000000000000000000000000000000000000000000000000000000000000000000000000', '0000000000000000000'),
(50, 458, '00000000000000000000000000000000000000000000000000000000000000000000000000000000000000000000000000000000000000000000000000000000000000000000000000', '0000000000000'),
(51, 421, '0000000000000000000000000000000000000000000000000000000000000000000000000000000000000000000000000000000000000000000000000000000000000000000000000000000000000000000000000', '0000000000000000000'),
(52, 175, '000000000000000000000000000000000000000000000000000000000000000000000000000000000', '000000000'),
(53, 504, '0000000000000000000000000000000000000000000000000000000000000000000000000000000000000000000000000000000000000000000000000000000000000000000000000000000000000000000000000000000000000000', '0000000000000'),
(54, 141, '000000000000000000000000000000000000000000000000000000000000000000000000000000000', '000000000'),
(55, 431, '000000000000000000000000000000000000000000000000000000000000000000000000000000000000000000000000000000000000000000000000000000000000000000000000000000000', '0000000000000000000000000'),
(56, 180, '000000000000000000000000000000000000000000000000000000000000000000000000000000000000000000000000000000000000000000000000000000000000000000000000000000', '0000000000000'),
(57, 235, '000000000000000000000000000000000000000000000000000000000000000000000000000000000000000000000000000000000000000000000000000000000000000000000000000000', '0000000000000'),
(58, 514, '000000000000000000000000000000000000000000000000000000000000000000000000000000000000000000000000000000000000000000000000000000000000000000000000000000', '0000000000000'),
(59, 20, '000000000000000000000000000000000000000000000000000000000000000000000000000000000', '000000000'),
(60, 289, '0000000000000000000000000000000000000000000000000000000000000000000000000000000000000000000000000000000000000000000000000000000000000000000000000000000000000000000000000', '0000000000000000000'),
(61, 245, '0000000000000000000000000000000000000000000000000000000000000000000000000000000000000000000000000000000000000000000000000000000000000000000000000000000000000000000000000', '0000000000000000000'),
(62, 479, '0000000000000000000000000000000000000000000000000000000000000000000000000000000000000000000000000000000000000000000000000000000000000000000000000000000000000000000000000000000000000000', '0000000000000'),
(63, 17, '0000000000000000000000000000000000000000000000000000000000000000000000000000000000000000000000000000000000000000000000000000000000000000000000000000000000000000000000000', '0000000000000000000'),
(64, 376, '000000000000000000000000000000000000000000000000000000000000000000000000000000000000000000000000000000000000000000000000000000000000000000000000000000000', '0000000000000000000000000'),
(65, 339, '0000000000000000000000000000000000000000000000000000000000000000000000000000000000000000000000000000000000000000000000000000000000000000000000000000000000000000000000000', '0000000000000000000'),
(66, 358, '00000000000000000000000000000000000000000000000000000000000000000000000000000000000000000000000000000000000000000000000000000000000000000000000000', '0000000000000'),
(67, 40, '0000000000000000000000000000000000000000000000000000000000000000000000000000000000000000000000000000000000000000000000000000000000000000000000000000000000000000000000000', '0000000000000000000'),
(68, 149, '0000000000000000000000000000000000000000000000000000000000000000000000000000000000000000000000000000000000000000000000000000000000000000000000000000000000000000000000000', '0000000000000000000'),
(69, 215, '000000000000000000000000000000000000000000000000000000000000000000000000000000000000000000000000000000000000000000000000000', '0'),
(70, 500, '00000000000000000000000000000000000000000000000000000000000000000000000000000000000000000000000000000000000000000000000000000000000000000000000000', '0000000000000'),
(71, 276, '0000000000000000000000000000000000000000000000000000000000000000000000000000000000000000000000000000000000000000000000000000000000000000000000000000000000000000000000000', '0000000000000000000'),
(72, 2, '00000000000000000000000000000000000000000000000000000000000000000000000000000000000000000000000000000000000000000000000000000000000000000000000000', '0000000000000'),
(73, 285, '0000000000000000000000000000000000000000000000000000000000000000000000000000000000000000000000000000000000000000000000000000000000000000000000000000000000000000000000000', '0000000000000000000'),
(74, 380, '0000000000000000000000000000000000000000000000000000000000000000000000000000000000000000000000000000000000000000000000000000000000000000000000000000000000000000000000000', '0000000000000000000'),
(75, 257, '000000000000000000000000000000000000000000000000000000000000000000000000000000000', '000000000'),
(76, 150, '000000000000000000000000000000000000000000000000000000000000000000000000000000000000000000000000000000000000000000000000000', '0'),
(77, 151, '0000000000000000000000000000000000000000000000000000000000000000000000000000000000000000000000000000000000000000000000000000000000000000000000000000000000000000000000000000000000000000000000000', '0000000000000000000000000000000000000'),
(78, 528, '0000000000000000000000000000000000000000000000000000000000000000000000000000000000000000000000000000000000000000000000000000000000000000000000000000000000000000000000000000000000000000000000000', '0000000000000000000000000000000000000'),
(79, 7, '000000000000000000000000000000000000000000000000000000000000000000000000000000000000000000000000000000000000000000000000000000000000000000000000000000000', '0000000000000000000000000'),
(80, 558, '00000000000000000000000000000000000000000000000000000000000000000000000000000000000000000000000000000000000000000000000000000000000000000000000000', '0000000000000'),
(81, 268, '0000000000000000000000000000000000000000000000000000000000000000000000000000000000000000000000000000000000000000000000000000000000000000000000000000000000000000000000000000000000000000', '0000000000000'),
(82, 598, '0000000000000000000000000000000000000000000000000000000000000000000000000000000000000000000000000000000000000000000000000000000000000000000000000000000000000000000000000000000000000000', '0000000000000'),
(83, 386, '0000000000000000000000000000000000000000000000000000000000000000000000000000000000000000000000000000000000000000000000000000000000000000000000000000000000000000000000000', '0000000000000000000'),
(84, 399, '000000000000000000000000000000000000000000000000000000000000000000000000000000000000000000000000000000000000000000000000000000000000000000000000000000000', '0000000000000000000000000'),
(85, 575, '00000000000000000000000000000000000000000000000000000000000000000000000000000000000000000000000000000000000000000000000000000000000000000000000000', '0000000000000'),
(86, 261, '0000000000000000000000000000000000000000000000000000000000000000000000000000000000000000000000000000000000000000000000000000000000000000000000000000000000000000000000000000000000000000', '0000000000000'),
(87, 232, '000000000000000000000000000000000000000000000000000000000000000000000000000000000000000000000000000000000000000000000000000', '0'),
(88, 492, '0000000000000000000000000000000000000000000000000000000000000000000000000000000000000000000000000000000000000000000000000000000000000000000000000000000000000000000000000000000000000000000000000', '0000000000000000000000000000000000000'),
(89, 18, '0000000000000000000000000000000000000000000000000000000000000000000000000000000000000000000000000000000000000000000000000000000000000000000000000000000000000000000000000000000000000000', '0000000000000'),
(90, 238, '00000000000000000000000000000000000000000000000000000000000000000000000000000000000000000000000000000000000000000000000000000000000000000000000000', '0000000000000'),
(91, 533, '000000000000000000000000000000000000000000000000000000000000000000000000000000000000000000000000000000000000000000000000000000000000000000000000000000', '0000000000000'),
(92, 197, '0000000000000000000000000000000000000000000000000000000000000000000000000000000000000000000000000000000000000000000000000000000000000000000000000000000000000000000000000000000000000000000000000', '0000000000000000000000000000000000000'),
(93, 82, '000000000000000000000000000000000000000000000000000000000000000000000000000000000000000000000000000000000000000000000000000000000000000000000000000000', '0000000000000'),
(94, 364, '0000000000000000000000000000000000000000000000000000000000000000000000000000000000000000000000000000000000000000000000000000000000000000000000000000000000000000000000000000000000000000', '0000000000000'),
(95, 599, '0000000000000000000000000000000000000000000000000000000000000000000000000000000000000000000000000000000000000000000000000000000000000000000000000000000000000000000000000', '0000000000000000000'),
(96, 34, '0000000000000000000000000000000000000000000000000000000000000000000000000000000000000000000000000000000000000000000000000000000000000000000000000000000000000000000000000', '0000000000000000000'),
(97, 449, '00000000000000000000000000000000000000000000000000000000000000000000000000000000000000000000000000000000000000000000000000000000000000000000000000', '0000000000000'),
(98, 351, '0000000000000000000000000000000000000000000000000000000000000000000000000000000000000000000000000000000000000000000000000000000000000000000000000000000000000000000000000000000000000000000000000', '0000000000000000000000000000000000000'),
(99, 588, '0000000000000000000000000000000000000000000000000000000000000000000000000000000000000000000000000000000000000000000000000000000000000000000000000000000000000000000000000000000000000000', '0000000000000'),
(100, 101, '0000000000000000000000000000000000000000000000000000000000000000000000000000000000000000000000000000000000000000000000000000000000000000000000000000000000000000000000000000000000000000000000000', '0000000000000000000000000000000000000'),
(101, 522, '0000000000000000000000000000000000000000000000000000000000000000000000000000000000000000000000000000000000000000000000000000000000000000000000000000000000000000000000000', '0000000000000000000'),
(102, 251, '00000000000000000000000000000000000000000000000000000000000000000000000000000000000000000000000000000000000000000000000000000000000000000000000000', '0000000000000'),
(103, 326, '000000000000000000000000000000000000000000000000000000000000000000000000000000000', '000000000'),
(104, 348, '0000000000000000000000000000000000000000000000000000000000000000000000000000000000000000000000000000000000000000000000000000000000000000000000000000000000000000000000000000000000000000', '0000000000000'),
(105, 463, '000000000000000000000000000000000000000000000000000000000000000000000000000000000000000000000000000000000000000000000000000', '0'),
(106, 198, '000000000000000000000000000000000000000000000000000000000000000000000000000000000000000000000000000000000000000000000000000000000000000000000000000000000', '0000000000000000000000000'),
(107, 511, '000000000000000000000000000000000000000000000000000000000000000000000000000000000000000000000000000000000000000000000000000', '0'),
(108, 385, '000000000000000000000000000000000000000000000000000000000000000000000000000000000000000000000000000000000000000000000000000000000000000000000000000000000', '0000000000000000000000000'),
(109, 419, '000000000000000000000000000000000000000000000000000000000000000000000000000000000', '000000000'),
(110, 584, '000000000000000000000000000000000000000000000000000000000000000000000000000000000000000000000000000000000000000000000000000000000000000000000000000000', '0000000000000'),
(111, 201, '000000000000000000000000000000000000000000000000000000000000000000000000000000000000000000000000000000000000000000000000000000000000000000000000000000', '0000000000000'),
(112, 363, '0000000000000000000000000000000000000000000000000000000000000000000000000000000000000000000000000000000000000000000000000000000000000000000000000000000000000000000000000', '0000000000000000000'),
(113, 102, '000000000000000000000000000000000000000000000000000000000000000000000000000000000000000000000000000000000000000000000000000', '0'),
(114, 119, '00000000000000000000000000000000000000000000000000000000000000000000000000000000000000000000000000000000000000000000000000000000000000000000000000', '0000000000000'),
(115, 191, '000000000000000000000000000000000000000000000000000000000000000000000000000000000000000000000000000000000000000000000000000000000000000000000000000000000', '0000000000000000000000000'),
(116, 272, '000000000000000000000000000000000000000000000000000000000000000000000000000000000000000000000000000000000000000000000000000', '0'),
(117, 66, '0000000000000000000000000000000000000000000000000000000000000000000000000000000000000000000000000000000000000000000000000000000000000000000000000000000000000000000000000', '0000000000000000000'),
(118, 561, '000000000000000000000000000000000000000000000000000000000000000000000000000000000000000000000000000000000000000000000000000000000000000000000000000000', '0000000000000'),
(119, 117, '0000000000000000000000000000000000000000000000000000000000000000000000000000000000000000000000000000000000000000000000000000000000000000000000000000000000000000000000000000000000000000', '0000000000000'),
(120, 563, '000000000000000000000000000000000000000000000000000000000000000000000000000000000000000000000000000000000000000000000000000000000000000000000000000000', '0000000000000'),
(121, 94, '00000000000000000000000000000000000000000000000000000000000000000000000000000000000000000000000000000000000000000000000000000000000000000000000000', '0000000000000'),
(122, 35, '0000000000000000000000000000000000000000000000000000000000000000000000000000000000000000000000000000000000000000000000000000000000000000000000000000000000000000000000000', '0000000000000000000'),
(123, 430, '000000000000000000000000000000000000000000000000000000000000000000000000000000000', '000000000'),
(124, 5, '000000000000000000000000000000000000000000000000000000000000000000000000000000000000000000000000000000000000000000000000000000000000000000000000000000', '0000000000000'),
(125, 132, '000000000000000000000000000000000000000000000000000000000000000000000000000000000000000000000000000000000000000000000000000000000000000000000000000000000', '0000000000000000000000000'),
(126, 454, '000000000000000000000000000000000000000000000000000000000000000000000000000000000000000000000000000000000000000000000000000000000000000000000000000000', '0000000000000'),
(127, 400, '000000000000000000000000000000000000000000000000000000000000000000000000000000000000000000000000000000000000000000000000000000000000000000000000000000000', '0000000000000000000000000'),
(128, 33, '000000000000000000000000000000000000000000000000000000000000000000000000000000000', '000000000'),
(129, 512, '00000000000000000000000000000000000000000000000000000000000000000000000000000000000000000000000000000000000000000000000000000000000000000000000000', '0000000000000'),
(130, 462, '0000000000000000000000000000000000000000000000000000000000000000000000000000000000000000000000000000000000000000000000000000000000000000000000000000000000000000000000000', '0000000000000000000'),
(131, 281, '000000000000000000000000000000000000000000000000000000000000000000000000000000000', '000000000'),
(132, 392, '000000000000000000000000000000000000000000000000000000000000000000000000000000000000000000000000000000000000000000000000000000000000000000000000000000', '0000000000000'),
(133, 92, '000000000000000000000000000000000000000000000000000000000000000000000000000000000000000000000000000000000000000000000000000000000000000000000000000000000', '0000000000000000000000000'),
(134, 496, '000000000000000000000000000000000000000000000000000000000000000000000000000000000000000000000000000000000000000000000000000', '0'),
(135, 287, '000000000000000000000000000000000000000000000000000000000000000000000000000000000000000000000000000000000000000000000000000000000000000000000000000000', '0000000000000'),
(136, 45, '0000000000000000000000000000000000000000000000000000000000000000000000000000000000000000000000000000000000000000000000000000000000000000000000000000000000000000000000000', '0000000000000000000'),
(137, 271, '000000000000000000000000000000000000000000000000000000000000000000000000000000000000000000000000000000000000000000000000000000000000000000000000000000', '0000000000000'),
(138, 475, '000000000000000000000000000000000000000000000000000000000000000000000000000000000', '000000000'),
(139, 523, '0000000000000000000000000000000000000000000000000000000000000000000000000000000000000000000000000000000000000000000000000000000000000000000000000000000000000000000000000', '0000000000000000000'),
(140, 283, '000000000000000000000000000000000000000000000000000000000000000000000000000000000000000000000000000000000000000000000000000000000000000000000000000000000', '0000000000000000000000000'),
(141, 468, '00000000000000000000000000000000000000000000000000000000000000000000000000000000000000000000000000000000000000000000000000000000000000000000000000', '0000000000000'),
(142, 84, '000000000000000000000000000000000000000000000000000000000000000000000000000000000000000000000000000000000000000000000000000000000000000000000000000000000', '0000000000000000000000000'),
(143, 78, '000000000000000000000000000000000000000000000000000000000000000000000000000000000', '000000000'),
(144, 554, '0000000000000000000000000000000000000000000000000000000000000000000000000000000000000000000000000000000000000000000000000000000000000000000000000000000000000000000000000000000000000000', '0000000000000'),
(145, 501, '000000000000000000000000000000000000000000000000000000000000000000000000000000000000000000000000000000000000000000000000000', '0'),
(146, 420, '0000000000000000000000000000000000000000000000000000000000000000000000000000000000000000000000000000000000000000000000000000000000000000000000000000000000000000000000000', '0000000000000000000'),
(147, 327, '000000000000000000000000000000000000000000000000000000000000000000000000000000000000000000000000000000000000000000000000000000000000000000000000000000000', '0000000000000000000000000'),
(148, 65, '0000000000000000000000000000000000000000000000000000000000000000000000000000000000000000000000000000000000000000000000000000000000000000000000000000000000000000000000000', '0000000000000000000'),
(149, 529, '000000000000000000000000000000000000000000000000000000000000000000000000000000000000000000000000000000000000000000000000000000000000000000000000000000', '0000000000000'),
(150, 396, '0000000000000000000000000000000000000000000000000000000000000000000000000000000000000000000000000000000000000000000000000000000000000000000000000000000000000000000000000000000000000000', '0000000000000'),
(151, 68, '000000000000000000000000000000000000000000000000000000000000000000000000000000000000000000000000000000000000000000000000000', '0'),
(152, 371, '000000000000000000000000000000000000000000000000000000000000000000000000000000000000000000000000000000000000000000000000000000000000000000000000000000000', '0000000000000000000000000'),
(153, 581, '0000000000000000000000000000000000000000000000000000000000000000000000000000000000000000000000000000000000000000000000000000000000000000000000000000000000000000000000000000000000000000000000000', '0000000000000000000000000000000000000'),
(154, 27, '000000000000000000000000000000000000000000000000000000000000000000000000000000000', '000000000'),
(155, 23, '000000000000000000000000000000000000000000000000000000000000000000000000000000000000000000000000000000000000000000000000000000000000000000000000000000000', '0000000000000000000000000'),
(156, 64, '000000000000000000000000000000000000000000000000000000000000000000000000000000000', '000000000'),
(157, 253, '000000000000000000000000000000000000000000000000000000000000000000000000000000000000000000000000000000000000000000000000000000000000000000000000000000000', '0000000000000000000000000'),
(158, 172, '0000000000000000000000000000000000000000000000000000000000000000000000000000000000000000000000000000000000000000000000000000000000000000000000000000000000000000000000000000000000000000000000000', '0000000000000000000000000000000000000'),
(159, 482, '000000000000000000000000000000000000000000000000000000000000000000000000000000000000000000000000000000000000000000000000000000000000000000000000000000', '0000000000000'),
(160, 121, '0000000000000000000000000000000000000000000000000000000000000000000000000000000000000000000000000000000000000000000000000000000000000000000000000000000000000000000000000000000000000000000000000', '0000000000000000000000000000000000000'),
(161, 264, '0000000000000000000000000000000000000000000000000000000000000000000000000000000000000000000000000000000000000000000000000000000000000000000000000000000000000000000000000000000000000000000000000', '0000000000000000000000000000000000000'),
(162, 494, '00000000000000000000000000000000000000000000000000000000000000000000000000000000000000000000000000000000000000000000000000000000000000000000000000', '0000000000000'),
(163, 335, '000000000000000000000000000000000000000000000000000000000000000000000000000000000000000000000000000000000000000000000000000000000000000000000000000000000', '0000000000000000000000000'),
(164, 378, '00000000000000000000000000000000000000000000000000000000000000000000000000000000000000000000000000000000000000000000000000000000000000000000000000', '0000000000000'),
(165, 14, '000000000000000000000000000000000000000000000000000000000000000000000000000000000000000000000000000000000000000000000000000000000000000000000000000000000', '0000000000000000000000000'),
(166, 304, '0000000000000000000000000000000000000000000000000000000000000000000000000000000000000000000000000000000000000000000000000000000000000000000000000000000000000000000000000000000000000000000000000', '0000000000000000000000000000000000000'),
(167, 128, '00000000000000000000000000000000000000000000000000000000000000000000000000000000000000000000000000000000000000000000000000000000000000000000000000', '0000000000000'),
(168, 195, '0000000000000000000000000000000000000000000000000000000000000000000000000000000000000000000000000000000000000000000000000000000000000000000000000000000000000000000000000', '0000000000000000000'),
(169, 489, '000000000000000000000000000000000000000000000000000000000000000000000000000000000000000000000000000000000000000000000000000000000000000000000000000000000', '0000000000000000000000000'),
(170, 166, '0000000000000000000000000000000000000000000000000000000000000000000000000000000000000000000000000000000000000000000000000000000000000000000000000000000000000000000000000000000000000000', '0000000000000'),
(171, 88, '0000000000000000000000000000000000000000000000000000000000000000000000000000000000000000000000000000000000000000000000000000000000000000000000000000000000000000000000000000000000000000000000000', '0000000000000000000000000000000000000'),
(172, 414, '000000000000000000000000000000000000000000000000000000000000000000000000000000000', '000000000'),
(173, 393, '0000000000000000000000000000000000000000000000000000000000000000000000000000000000000000000000000000000000000000000000000000000000000000000000000000000000000000000000000', '0000000000000000000'),
(174, 532, '000000000000000000000000000000000000000000000000000000000000000000000000000000000', '000000000'),
(175, 337, '0000000000000000000000000000000000000000000000000000000000000000000000000000000000000000000000000000000000000000000000000000000000000000000000000000000000000000000000000000000000000000000000000', '0000000000000000000000000000000000000'),
(176, 219, '0000000000000000000000000000000000000000000000000000000000000000000000000000000000000000000000000000000000000000000000000000000000000000000000000000000000000000000000000000000000000000000000000', '0000000000000000000000000000000000000'),
(177, 372, '0000000000000000000000000000000000000000000000000000000000000000000000000000000000000000000000000000000000000000000000000000000000000000000000000000000000000000000000000000000000000000000000000', '0000000000000000000000000000000000000'),
(178, 229, '000000000000000000000000000000000000000000000000000000000000000000000000000000000000000000000000000000000000000000000000000000000000000000000000000000', '0000000000000'),
(179, 484, '000000000000000000000000000000000000000000000000000000000000000000000000000000000000000000000000000000000000000000000000000', '0'),
(180, 10, '00000000000000000000000000000000000000000000000000000000000000000000000000000000000000000000000000000000000000000000000000000000000000000000000000', '0000000000000'),
(181, 258, '000000000000000000000000000000000000000000000000000000000000000000000000000000000000000000000000000000000000000000000000000000000000000000000000000000', '0000000000000'),
(182, 231, '0000000000000000000000000000000000000000000000000000000000000000000000000000000000000000000000000000000000000000000000000000000000000000000000000000000000000000000000000000000000000000', '0000000000000'),
(183, 24, '0000000000000000000000000000000000000000000000000000000000000000000000000000000000000000000000000000000000000000000000000000000000000000000000000000000000000000000000000000000000000000000000000', '0000000000000000000000000000000000000'),
(184, 125, '000000000000000000000000000000000000000000000000000000000000000000000000000000000000000000000000000000000000000000000000000000000000000000000000000000000', '0000000000000000000000000'),
(185, 136, '0000000000000000000000000000000000000000000000000000000000000000000000000000000000000000000000000000000000000000000000000000000000000000000000000000000000000000000000000', '0000000000000000000'),
(186, 127, '0000000000000000000000000000000000000000000000000000000000000000000000000000000000000000000000000000000000000000000000000000000000000000000000000000000000000000000000000', '0000000000000000000'),
(187, 439, '000000000000000000000000000000000000000000000000000000000000000000000000000000000000000000000000000000000000000000000000000000000000000000000000000000', '0000000000000'),
(188, 586, '000000000000000000000000000000000000000000000000000000000000000000000000000000000000000000000000000000000000000000000000000000000000000000000000000000000', '0000000000000000000000000'),
(189, 537, '000000000000000000000000000000000000000000000000000000000000000000000000000000000000000000000000000000000000000000000000000', '0'),
(190, 32, '000000000000000000000000000000000000000000000000000000000000000000000000000000000000000000000000000000000000000000000000000000000000000000000000000000', '0000000000000'),
(191, 171, '000000000000000000000000000000000000000000000000000000000000000000000000000000000000000000000000000000000000000000000000000000000000000000000000000000000', '0000000000000000000000000'),
(192, 434, '0000000000000000000000000000000000000000000000000000000000000000000000000000000000000000000000000000000000000000000000000000000000000000000000000000000000000000000000000000000000000000', '0000000000000'),
(193, 485, '0000000000000000000000000000000000000000000000000000000000000000000000000000000000000000000000000000000000000000000000000000000000000000000000000000000000000000000000000000000000000000', '0000000000000'),
(194, 249, '0000000000000000000000000000000000000000000000000000000000000000000000000000000000000000000000000000000000000000000000000000000000000000000000000000000000000000000000000000000000000000000000000', '0000000000000000000000000000000000000'),
(195, 47, '000000000000000000000000000000000000000000000000000000000000000000000000000000000000000000000000000000000000000000000000000', '0'),
(196, 390, '000000000000000000000000000000000000000000000000000000000000000000000000000000000', '000000000'),
(197, 46, '0000000000000000000000000000000000000000000000000000000000000000000000000000000000000000000000000000000000000000000000000000000000000000000000000000000000000000000000000000000000000000', '0000000000000'),
(198, 316, '0000000000000000000000000000000000000000000000000000000000000000000000000000000000000000000000000000000000000000000000000000000000000000000000000000000000000000000000000', '0000000000000000000'),
(199, 44, '000000000000000000000000000000000000000000000000000000000000000000000000000000000', '000000000'),
(200, 389, '000000000000000000000000000000000000000000000000000000000000000000000000000000000000000000000000000000000000000000000000000000000000000000000000000000', '0000000000000'),
(201, 333, '0000000000000000000000000000000000000000000000000000000000000000000000000000000000000000000000000000000000000000000000000000000000000000000000000000000000000000000000000000000000000000000000000', '0000000000000000000000000000000000000'),
(202, 461, '000000000000000000000000000000000000000000000000000000000000000000000000000000000000000000000000000000000000000000000000000000000000000000000000000000000', '0000000000000000000000000'),
(203, 365, '00000000000000000000000000000000000000000000000000000000000000000000000000000000000000000000000000000000000000000000000000000000000000000000000000', '0000000000000'),
(204, 403, '0000000000000000000000000000000000000000000000000000000000000000000000000000000000000000000000000000000000000000000000000000000000000000000000000000000000000000000000000000000000000000000000000', '0000000000000000000000000000000000000'),
(205, 506, '000000000000000000000000000000000000000000000000000000000000000000000000000000000000000000000000000000000000000000000000000000000000000000000000000000000', '0000000000000000000000000'),
(206, 241, '000000000000000000000000000000000000000000000000000000000000000000000000000000000000000000000000000000000000000000000000000000000000000000000000000000000', '0000000000000000000000000'),
(207, 543, '000000000000000000000000000000000000000000000000000000000000000000000000000000000000000000000000000000000000000000000000000000000000000000000000000000000', '0000000000000000000000000'),
(208, 314, '00000000000000000000000000000000000000000000000000000000000000000000000000000000000000000000000000000000000000000000000000000000000000000000000000', '0000000000000'),
(209, 466, '0000000000000000000000000000000000000000000000000000000000000000000000000000000000000000000000000000000000000000000000000000000000000000000000000000000000000000000000000000000000000000', '0000000000000'),
(210, 299, '000000000000000000000000000000000000000000000000000000000000000000000000000000000000000000000000000000000000000000000000000000000000000000000000000000', '0000000000000'),
(211, 254, '000000000000000000000000000000000000000000000000000000000000000000000000000000000000000000000000000000000000000000000000000', '0'),
(212, 247, '0000000000000000000000000000000000000000000000000000000000000000000000000000000000000000000000000000000000000000000000000000000000000000000000000000000000000000000000000000000000000000000000000', '0000000000000000000000000000000000000'),
(213, 474, '0000000000000000000000000000000000000000000000000000000000000000000000000000000000000000000000000000000000000000000000000000000000000000000000000000000000000000000000000000000000000000', '0000000000000'),
(214, 498, '000000000000000000000000000000000000000000000000000000000000000000000000000000000000000000000000000000000000000000000000000', '0'),
(215, 137, '00000000000000000000000000000000000000000000000000000000000000000000000000000000000000000000000000000000000000000000000000000000000000000000000000', '0000000000000'),
(216, 214, '000000000000000000000000000000000000000000000000000000000000000000000000000000000', '000000000'),
(217, 317, '00000000000000000000000000000000000000000000000000000000000000000000000000000000000000000000000000000000000000000000000000000000000000000000000000', '0000000000000'),
(218, 428, '000000000000000000000000000000000000000000000000000000000000000000000000000000000000000000000000000000000000000000000000000000000000000000000000000000000', '0000000000000000000000000'),
(219, 560, '0000000000000000000000000000000000000000000000000000000000000000000000000000000000000000000000000000000000000000000000000000000000000000000000000000000000000000000000000', '0000000000000000000'),
(220, 433, '0000000000000000000000000000000000000000000000000000000000000000000000000000000000000000000000000000000000000000000000000000000000000000000000000000000000000000000000000', '0000000000000000000'),
(221, 135, '000000000000000000000000000000000000000000000000000000000000000000000000000000000000000000000000000000000000000000000000000000000000000000000000000000', '0000000000000'),
(222, 481, '000000000000000000000000000000000000000000000000000000000000000000000000000000000', '000000000'),
(223, 437, '0000000000000000000000000000000000000000000000000000000000000000000000000000000000000000000000000000000000000000000000000000000000000000000000000000000000000000000000000000000000000000000000000', '0000000000000000000000000000000000000'),
(224, 391, '00000000000000000000000000000000000000000000000000000000000000000000000000000000000000000000000000000000000000000000000000000000000000000000000000', '0000000000000'),
(225, 156, '0000000000000000000000000000000000000000000000000000000000000000000000000000000000000000000000000000000000000000000000000000000000000000000000000000000000000000000000000000000000000000', '0000000000000'),
(226, 204, '00000000000000000000000000000000000000000000000000000000000000000000000000000000000000000000000000000000000000000000000000000000000000000000000000', '0000000000000'),
(227, 203, '000000000000000000000000000000000000000000000000000000000000000000000000000000000000000000000000000000000000000000000000000000000000000000000000000000000', '0000000000000000000000000'),
(228, 4, '0000000000000000000000000000000000000000000000000000000000000000000000000000000000000000000000000000000000000000000000000000000000000000000000000000000000000000000000000000000000000000000000000', '0000000000000000000000000000000000000'),
(229, 401, '0000000000000000000000000000000000000000000000000000000000000000000000000000000000000000000000000000000000000000000000000000000000000000000000000000000000000000000000000000000000000000', '0000000000000'),
(230, 507, '00000000000000000000000000000000000000000000000000000000000000000000000000000000000000000000000000000000000000000000000000000000000000000000000000', '0000000000000'),
(231, 145, '000000000000000000000000000000000000000000000000000000000000000000000000000000000000000000000000000000000000000000000000000', '0'),
(232, 306, '000000000000000000000000000000000000000000000000000000000000000000000000000000000000000000000000000000000000000000000000000000000000000000000000000000000', '0000000000000000000000000'),
(233, 411, '000000000000000000000000000000000000000000000000000000000000000000000000000000000', '000000000'),
(234, 184, '000000000000000000000000000000000000000000000000000000000000000000000000000000000000000000000000000000000000000000000000000000000000000000000000000000', '0000000000000'),
(235, 435, '000000000000000000000000000000000000000000000000000000000000000000000000000000000', '000000000'),
(236, 292, '00000000000000000000000000000000000000000000000000000000000000000000000000000000000000000000000000000000000000000000000000000000000000000000000000', '0000000000000'),
(237, 52, '0000000000000000000000000000000000000000000000000000000000000000000000000000000000000000000000000000000000000000000000000000000000000000000000000000000000000000000000000', '0000000000000000000'),
(238, 270, '00000000000000000000000000000000000000000000000000000000000000000000000000000000000000000000000000000000000000000000000000000000000000000000000000', '0000000000000'),
(239, 105, '0000000000000000000000000000000000000000000000000000000000000000000000000000000000000000000000000000000000000000000000000000000000000000000000000000000000000000000000000000000000000000000000000', '0000000000000000000000000000000000000'),
(240, 176, '000000000000000000000000000000000000000000000000000000000000000000000000000000000000000000000000000000000000000000000000000000000000000000000000000000', '0000000000000'),
(241, 300, '00000000000000000000000000000000000000000000000000000000000000000000000000000000000000000000000000000000000000000000000000000000000000000000000000', '0000000000000'),
(242, 407, '000000000000000000000000000000000000000000000000000000000000000000000000000000000000000000000000000000000000000000000000000', '0'),
(243, 451, '000000000000000000000000000000000000000000000000000000000000000000000000000000000000000000000000000000000000000000000000000000000000000000000000000000', '0000000000000'),
(244, 322, '000000000000000000000000000000000000000000000000000000000000000000000000000000000000000000000000000000000000000000000000000', '0'),
(245, 190, '0000000000000000000000000000000000000000000000000000000000000000000000000000000000000000000000000000000000000000000000000000000000000000000000000000000000000000000000000000000000000000', '0000000000000'),
(246, 111, '000000000000000000000000000000000000000000000000000000000000000000000000000000000', '000000000'),
(247, 120, '000000000000000000000000000000000000000000000000000000000000000000000000000000000000000000000000000000000000000000000000000000000000000000000000000000000', '0000000000000000000000000'),
(248, 179, '0000000000000000000000000000000000000000000000000000000000000000000000000000000000000000000000000000000000000000000000000000000000000000000000000000000000000000000000000000000000000000000000000', '0000000000000000000000000000000000000'),
(249, 199, '000000000000000000000000000000000000000000000000000000000000000000000000000000000', '000000000'),
(250, 553, '000000000000000000000000000000000000000000000000000000000000000000000000000000000', '000000000'),
(251, 355, '000000000000000000000000000000000000000000000000000000000000000000000000000000000000000000000000000000000000000000000000000', '0'),
(252, 530, '0000000000000000000000000000000000000000000000000000000000000000000000000000000000000000000000000000000000000000000000000000000000000000000000000000000000000000000000000000000000000000000000000', '0000000000000000000000000000000000000'),
(253, 267, '000000000000000000000000000000000000000000000000000000000000000000000000000000000000000000000000000000000000000000000000000000000000000000000000000000', '0000000000000'),
(254, 369, '0000000000000000000000000000000000000000000000000000000000000000000000000000000000000000000000000000000000000000000000000000000000000000000000000000000000000000000000000000000000000000', '0000000000000'),
(255, 395, '0000000000000000000000000000000000000000000000000000000000000000000000000000000000000000000000000000000000000000000000000000000000000000000000000000000000000000000000000000000000000000000000000', '0000000000000000000000000000000000000'),
(256, 221, '000000000000000000000000000000000000000000000000000000000000000000000000000000000000000000000000000000000000000000000000000000000000000000000000000000000', '0000000000000000000000000'),
(257, 350, '0000000000000000000000000000000000000000000000000000000000000000000000000000000000000000000000000000000000000000000000000000000000000000000000000000000000000000000000000000000000000000000000000', '0000000000000000000000000000000000000'),
(258, 131, '000000000000000000000000000000000000000000000000000000000000000000000000000000000000000000000000000000000000000000000000000', '0'),
(259, 442, '000000000000000000000000000000000000000000000000000000000000000000000000000000000', '000000000'),
(260, 571, '000000000000000000000000000000000000000000000000000000000000000000000000000000000000000000000000000000000000000000000000000000000000000000000000000000', '0000000000000'),
(261, 444, '00000000000000000000000000000000000000000000000000000000000000000000000000000000000000000000000000000000000000000000000000000000000000000000000000', '0000000000000'),
(262, 367, '0000000000000000000000000000000000000000000000000000000000000000000000000000000000000000000000000000000000000000000000000000000000000000000000000000000000000000000000000000000000000000000000000', '0000000000000000000000000000000000000'),
(263, 31, '000000000000000000000000000000000000000000000000000000000000000000000000000000000', '000000000'),
(264, 8, '0000000000000000000000000000000000000000000000000000000000000000000000000000000000000000000000000000000000000000000000000000000000000000000000000000000000000000000000000', '0000000000000000000'),
(265, 354, '0000000000000000000000000000000000000000000000000000000000000000000000000000000000000000000000000000000000000000000000000000000000000000000000000000000000000000000000000000000000000000', '0000000000000'),
(266, 436, '000000000000000000000000000000000000000000000000000000000000000000000000000000000000000000000000000000000000000000000000000000000000000000000000000000', '0000000000000');
INSERT INTO `flightplace` (`id`, `flight_id`, `places_econom`, `places_business`) VALUES
(267, 269, '0000000000000000000000000000000000000000000000000000000000000000000000000000000000000000000000000000000000000000000000000000000000000000000000000000000000000000000000000000000000000000', '0000000000000'),
(268, 313, '0000000000000000000000000000000000000000000000000000000000000000000000000000000000000000000000000000000000000000000000000000000000000000000000000000000000000000000000000000000000000000000000000', '0000000000000000000000000000000000000'),
(269, 406, '0000000000000000000000000000000000000000000000000000000000000000000000000000000000000000000000000000000000000000000000000000000000000000000000000000000000000000000000000000000000000000', '0000000000000'),
(270, 22, '0000000000000000000000000000000000000000000000000000000000000000000000000000000000000000000000000000000000000000000000000000000000000000000000000000000000000000000000000000000000000000000000000', '0000000000000000000000000000000000000'),
(271, 233, '0000000000000000000000000000000000000000000000000000000000000000000000000000000000000000000000000000000000000000000000000000000000000000000000000000000000000000000000000000000000000000000000000', '0000000000000000000000000000000000000'),
(272, 600, '000000000000000000000000000000000000000000000000000000000000000000000000000000000000000000000000000000000000000000000000000000000000000000000000000000000', '0000000000000000000000000'),
(273, 3, '000000000000000000000000000000000000000000000000000000000000000000000000000000000000000000000000000000000000000000000000000000000000000000000000000000000', '0000000000000000000000000'),
(274, 573, '000000000000000000000000000000000000000000000000000000000000000000000000000000000000000000000000000000000000000000000000000000000000000000000000000000', '0000000000000'),
(275, 549, '0000000000000000000000000000000000000000000000000000000000000000000000000000000000000000000000000000000000000000000000000000000000000000000000000000000000000000000000000000000000000000', '0000000000000'),
(276, 503, '000000000000000000000000000000000000000000000000000000000000000000000000000000000', '000000000'),
(277, 450, '000000000000000000000000000000000000000000000000000000000000000000000000000000000000000000000000000000000000000000000000000000000000000000000000000000', '0000000000000'),
(278, 295, '0000000000000000000000000000000000000000000000000000000000000000000000000000000000000000000000000000000000000000000000000000000000000000000000000000000000000000000000000000000000000000000000000', '0000000000000000000000000000000000000'),
(279, 303, '000000000000000000000000000000000000000000000000000000000000000000000000000000000', '000000000'),
(280, 577, '000000000000000000000000000000000000000000000000000000000000000000000000000000000', '000000000'),
(281, 332, '0000000000000000000000000000000000000000000000000000000000000000000000000000000000000000000000000000000000000000000000000000000000000000000000000000000000000000000000000000000000000000', '0000000000000'),
(282, 112, '00000000000000000000000000000000000000000000000000000000000000000000000000000000000000000000000000000000000000000000000000000000000000000000000000', '0000000000000'),
(283, 352, '0000000000000000000000000000000000000000000000000000000000000000000000000000000000000000000000000000000000000000000000000000000000000000000000000000000000000000000000000000000000000000', '0000000000000'),
(284, 196, '00000000000000000000000000000000000000000000000000000000000000000000000000000000000000000000000000000000000000000000000000000000000000000000000000', '0000000000000'),
(285, 432, '000000000000000000000000000000000000000000000000000000000000000000000000000000000000000000000000000000000000000000000000000000000000000000000000000000', '0000000000000'),
(286, 85, '000000000000000000000000000000000000000000000000000000000000000000000000000000000000000000000000000000000000000000000000000000000000000000000000000000', '0000000000000'),
(287, 576, '0000000000000000000000000000000000000000000000000000000000000000000000000000000000000000000000000000000000000000000000000000000000000000000000000000000000000000000000000', '0000000000000000000'),
(288, 499, '0000000000000000000000000000000000000000000000000000000000000000000000000000000000000000000000000000000000000000000000000000000000000000000000000000000000000000000000000', '0000000000000000000'),
(289, 551, '00000000000000000000000000000000000000000000000000000000000000000000000000000000000000000000000000000000000000000000000000000000000000000000000000', '0000000000000'),
(290, 362, '0000000000000000000000000000000000000000000000000000000000000000000000000000000000000000000000000000000000000000000000000000000000000000000000000000000000000000000000000', '0000000000000000000'),
(291, 186, '000000000000000000000000000000000000000000000000000000000000000000000000000000000000000000000000000000000000000000000000000000000000000000000000000000', '0000000000000'),
(292, 582, '000000000000000000000000000000000000000000000000000000000000000000000000000000000000000000000000000000000000000000000000000000000000000000000000000000000', '0000000000000000000000000'),
(293, 62, '000000000000000000000000000000000000000000000000000000000000000000000000000000000000000000000000000000000000000000000000000000000000000000000000000000000', '0000000000000000000000000'),
(294, 535, '0000000000000000000000000000000000000000000000000000000000000000000000000000000000000000000000000000000000000000000000000000000000000000000000000000000000000000000000000000000000000000', '0000000000000'),
(295, 74, '000000000000000000000000000000000000000000000000000000000000000000000000000000000000000000000000000000000000000000000000000000000000000000000000000000', '0000000000000'),
(296, 290, '0000000000000000000000000000000000000000000000000000000000000000000000000000000000000000000000000000000000000000000000000000000000000000000000000000000000000000000000000000000000000000000000000', '0000000000000000000000000000000000000'),
(297, 470, '0000000000000000000000000000000000000000000000000000000000000000000000000000000000000000000000000000000000000000000000000000000000000000000000000000000000000000000000000000000000000000000000000', '0000000000000000000000000000000000000'),
(298, 16, '000000000000000000000000000000000000000000000000000000000000000000000000000000000000000000000000000000000000000000000000000000000000000000000000000000', '0000000000000'),
(299, 138, '00000000000000000000000000000000000000000000000000000000000000000000000000000000000000000000000000000000000000000000000000000000000000000000000000', '0000000000000'),
(300, 587, '0000000000000000000000000000000000000000000000000000000000000000000000000000000000000000000000000000000000000000000000000000000000000000000000000000000000000000000000000', '0000000000000000000'),
(301, 49, '000000000000000000000000000000000000000000000000000000000000000000000000000000000000000000000000000000000000000000000000000000000000000000000000000000', '0000000000000'),
(302, 185, '0000000000000000000000000000000000000000000000000000000000000000000000000000000000000000000000000000000000000000000000000000000000000000000000000000000000000000000000000', '0000000000000000000'),
(303, 6, '0000000000000000000000000000000000000000000000000000000000000000000000000000000000000000000000000000000000000000000000000000000000000000000000000000000000000000000000000', '0000000000000000000'),
(304, 80, '00000000000000000000000000000000000000000000000000000000000000000000000000000000000000000000000000000000000000000000000000000000000000000000000000', '0000000000000'),
(305, 177, '000000000000000000000000000000000000000000000000000000000000000000000000000000000000000000000000000000000000000000000000000000000000000000000000000000000', '0000000000000000000000000'),
(306, 39, '0000000000000000000000000000000000000000000000000000000000000000000000000000000000000000000000000000000000000000000000000000000000000000000000000000000000000000000000000000000000000000', '0000000000000'),
(307, 413, '0000000000000000000000000000000000000000000000000000000000000000000000000000000000000000000000000000000000000000000000000000000000000000000000000000000000000000000000000000000000000000', '0000000000000'),
(308, 181, '000000000000000000000000000000000000000000000000000000000000000000000000000000000000000000000000000000000000000000000000000000000000000000000000000000000', '0000000000000000000000000'),
(309, 596, '0000000000000000000000000000000000000000000000000000000000000000000000000000000000000000000000000000000000000000000000000000000000000000000000000000000000000000000000000', '0000000000000000000'),
(310, 591, '00000000000000000000000000000000000000000000000000000000000000000000000000000000000000000000000000000000000000000000000000000000000000000000000000', '0000000000000'),
(311, 72, '000000000000000000000000000000000000000000000000000000000000000000000000000000000', '000000000'),
(312, 409, '000000000000000000000000000000000000000000000000000000000000000000000000000000000000000000000000000000000000000000000000000000000000000000000000000000000', '0000000000000000000000000'),
(313, 570, '00000000000000000000000000000000000000000000000000000000000000000000000000000000000000000000000000000000000000000000000000000000000000000000000000', '0000000000000'),
(314, 424, '0000000000000000000000000000000000000000000000000000000000000000000000000000000000000000000000000000000000000000000000000000000000000000000000000000000000000000000000000000000000000000', '0000000000000'),
(315, 159, '00000000000000000000000000000000000000000000000000000000000000000000000000000000000000000000000000000000000000000000000000000000000000000000000000', '0000000000000'),
(316, 340, '000000000000000000000000000000000000000000000000000000000000000000000000000000000', '000000000'),
(317, 473, '00000000000000000000000000000000000000000000000000000000000000000000000000000000000000000000000000000000000000000000000000000000000000000000000000', '0000000000000'),
(318, 178, '000000000000000000000000000000000000000000000000000000000000000000000000000000000000000000000000000000000000000000000000000000000000000000000000000000000', '0000000000000000000000000'),
(319, 187, '000000000000000000000000000000000000000000000000000000000000000000000000000000000000000000000000000000000000000000000000000000000000000000000000000000', '0000000000000'),
(320, 222, '00000000000000000000000000000000000000000000000000000000000000000000000000000000000000000000000000000000000000000000000000000000000000000000000000', '0000000000000'),
(321, 67, '000000000000000000000000000000000000000000000000000000000000000000000000000000000000000000000000000000000000000000000000000000000000000000000000000000000', '0000000000000000000000000'),
(322, 113, '000000000000000000000000000000000000000000000000000000000000000000000000000000000000000000000000000000000000000000000000000000000000000000000000000000', '0000000000000'),
(323, 155, '0000000000000000000000000000000000000000000000000000000000000000000000000000000000000000000000000000000000000000000000000000000000000000000000000000000000000000000000000000000000000000', '0000000000000'),
(324, 483, '000000000000000000000000000000000000000000000000000000000000000000000000000000000000000000000000000000000000000000000000000000000000000000000000000000000', '0000000000000000000000000'),
(325, 544, '0000000000000000000000000000000000000000000000000000000000000000000000000000000000000000000000000000000000000000000000000000000000000000000000000000000000000000000000000000000000000000000000000', '0000000000000000000000000000000000000'),
(326, 282, '0000000000000000000000000000000000000000000000000000000000000000000000000000000000000000000000000000000000000000000000000000000000000000000000000000000000000000000000000', '0000000000000000000'),
(327, 569, '0000000000000000000000000000000000000000000000000000000000000000000000000000000000000000000000000000000000000000000000000000000000000000000000000000000000000000000000000', '0000000000000000000'),
(328, 310, '000000000000000000000000000000000000000000000000000000000000000000000000000000000000000000000000000000000000000000000000000', '0'),
(329, 597, '0000000000000000000000000000000000000000000000000000000000000000000000000000000000000000000000000000000000000000000000000000000000000000000000000000000000000000000000000', '0000000000000000000'),
(330, 477, '0000000000000000000000000000000000000000000000000000000000000000000000000000000000000000000000000000000000000000000000000000000000000000000000000000000000000000000000000000000000000000000000000', '0000000000000000000000000000000000000'),
(331, 143, '0000000000000000000000000000000000000000000000000000000000000000000000000000000000000000000000000000000000000000000000000000000000000000000000000000000000000000000000000', '0000000000000000000'),
(332, 169, '000000000000000000000000000000000000000000000000000000000000000000000000000000000000000000000000000000000000000000000000000', '0'),
(333, 160, '000000000000000000000000000000000000000000000000000000000000000000000000000000000000000000000000000000000000000000000000000', '0'),
(334, 564, '000000000000000000000000000000000000000000000000000000000000000000000000000000000', '000000000'),
(335, 356, '0000000000000000000000000000000000000000000000000000000000000000000000000000000000000000000000000000000000000000000000000000000000000000000000000000000000000000000000000', '0000000000000000000'),
(336, 63, '00000000000000000000000000000000000000000000000000000000000000000000000000000000000000000000000000000000000000000000000000000000000000000000000000', '0000000000000'),
(337, 384, '000000000000000000000000000000000000000000000000000000000000000000000000000000000', '000000000'),
(338, 15, '0000000000000000000000000000000000000000000000000000000000000000000000000000000000000000000000000000000000000000000000000000000000000000000000000000000000000000000000000', '0000000000000000000'),
(339, 534, '000000000000000000000000000000000000000000000000000000000000000000000000000000000', '000000000'),
(340, 467, '000000000000000000000000000000000000000000000000000000000000000000000000000000000000000000000000000000000000000000000000000000000000000000000000000000', '0000000000000'),
(341, 28, '0000000000000000000000000000000000000000000000000000000000000000000000000000000000000000000000000000000000000000000000000000000000000000000000000000000000000000000000000000000000000000', '0000000000000'),
(342, 260, '000000000000000000000000000000000000000000000000000000000000000000000000000000000000000000000000000000000000000000000000000', '0'),
(343, 58, '000000000000000000000000000000000000000000000000000000000000000000000000000000000000000000000000000000000000000000000000000000000000000000000000000000000', '0000000000000000000000000'),
(344, 469, '000000000000000000000000000000000000000000000000000000000000000000000000000000000000000000000000000000000000000000000000000000000000000000000000000000', '0000000000000'),
(345, 345, '00000000000000000000000000000000000000000000000000000000000000000000000000000000000000000000000000000000000000000000000000000000000000000000000000', '0000000000000'),
(346, 387, '000000000000000000000000000000000000000000000000000000000000000000000000000000000000000000000000000000000000000000000000000', '0'),
(347, 210, '0000000000000000000000000000000000000000000000000000000000000000000000000000000000000000000000000000000000000000000000000000000000000000000000000000000000000000000000000000000000000000000000000', '0000000000000000000000000000000000000'),
(348, 164, '0000000000000000000000000000000000000000000000000000000000000000000000000000000000000000000000000000000000000000000000000000000000000000000000000000000000000000000000000000000000000000000000000', '0000000000000000000000000000000000000'),
(349, 30, '00000000000000000000000000000000000000000000000000000000000000000000000000000000000000000000000000000000000000000000000000000000000000000000000000', '0000000000000'),
(350, 315, '0000000000000000000000000000000000000000000000000000000000000000000000000000000000000000000000000000000000000000000000000000000000000000000000000000000000000000000000000000000000000000', '0000000000000'),
(351, 61, '000000000000000000000000000000000000000000000000000000000000000000000000000000000', '000000000'),
(352, 73, '000000000000000000000000000000000000000000000000000000000000000000000000000000000000000000000000000000000000000000000000000000000000000000000000000000', '0000000000000'),
(353, 342, '000000000000000000000000000000000000000000000000000000000000000000000000000000000000000000000000000000000000000000000000000', '0'),
(354, 301, '0000000000000000000000000000000000000000000000000000000000000000000000000000000000000000000000000000000000000000000000000000000000000000000000000000000000000000000000000', '0000000000000000000'),
(355, 294, '0000000000000000000000000000000000000000000000000000000000000000000000000000000000000000000000000000000000000000000000000000000000000000000000000000000000000000000000000', '0000000000000000000'),
(356, 416, '0000000000000000000000000000000000000000000000000000000000000000000000000000000000000000000000000000000000000000000000000000000000000000000000000000000000000000000000000000000000000000', '0000000000000'),
(357, 250, '00000000000000000000000000000000000000000000000000000000000000000000000000000000000000000000000000000000000000000000000000000000000000000000000000', '0000000000000'),
(358, 510, '0000000000000000000000000000000000000000000000000000000000000000000000000000000000000000000000000000000000000000000000000000000000000000000000000000000000000000000000000', '0000000000000000000'),
(359, 359, '0000000000000000000000000000000000000000000000000000000000000000000000000000000000000000000000000000000000000000000000000000000000000000000000000000000000000000000000000000000000000000', '0000000000000'),
(360, 325, '0000000000000000000000000000000000000000000000000000000000000000000000000000000000000000000000000000000000000000000000000000000000000000000000000000000000000000000000000000000000000000000000000', '0000000000000000000000000000000000000'),
(361, 338, '000000000000000000000000000000000000000000000000000000000000000000000000000000000000000000000000000000000000000000000000000000000000000000000000000000000', '0000000000000000000000000'),
(362, 521, '0000000000000000000000000000000000000000000000000000000000000000000000000000000000000000000000000000000000000000000000000000000000000000000000000000000000000000000000000', '0000000000000000000'),
(363, 243, '000000000000000000000000000000000000000000000000000000000000000000000000000000000000000000000000000000000000000000000000000', '0'),
(364, 71, '000000000000000000000000000000000000000000000000000000000000000000000000000000000000000000000000000000000000000000000000000000000000000000000000000000', '0000000000000'),
(365, 321, '000000000000000000000000000000000000000000000000000000000000000000000000000000000', '000000000'),
(366, 86, '00000000000000000000000000000000000000000000000000000000000000000000000000000000000000000000000000000000000000000000000000000000000000000000000000', '0000000000000'),
(367, 526, '000000000000000000000000000000000000000000000000000000000000000000000000000000000000000000000000000000000000000000000000000000000000000000000000000000000', '0000000000000000000000000'),
(368, 1, '0000000000000000000000000000000000000000000000000000000000000000000000000000000000000000000000000000000000000000000000000000000000000000000000000000000000000000000000000000000000000000', '0000000000000'),
(369, 13, '000000000000000000000000000000000000000000000000000000000000000000000000000000000000000000000000000000000000000000000000000', '0'),
(370, 441, '00000000000000000000000000000000000000000000000000000000000000000000000000000000000000000000000000000000000000000000000000000000000000000000000000', '0000000000000'),
(371, 408, '0000000000000000000000000000000000000000000000000000000000000000000000000000000000000000000000000000000000000000000000000000000000000000000000000000000000000000000000000000000000000000000000000', '0000000000000000000000000000000000000'),
(372, 213, '00000000000000000000000000000000000000000000000000000000000000000000000000000000000000000000000000000000000000000000000000000000000000000000000000', '0000000000000'),
(373, 206, '0000000000000000000000000000000000000000000000000000000000000000000000000000000000000000000000000000000000000000000000000000000000000000000000000000000000000000000000000', '0000000000000000000'),
(374, 188, '00000000000000000000000000000000000000000000000000000000000000000000000000000000000000000000000000000000000000000000000000000000000000000000000000', '0000000000000'),
(375, 55, '000000000000000000000000000000000000000000000000000000000000000000000000000000000000000000000000000000000000000000000000000000000000000000000000000000', '0000000000000'),
(376, 174, '000000000000000000000000000000000000000000000000000000000000000000000000000000000', '000000000'),
(377, 239, '000000000000000000000000000000000000000000000000000000000000000000000000000000000', '000000000'),
(378, 161, '0000000000000000000000000000000000000000000000000000000000000000000000000000000000000000000000000000000000000000000000000000000000000000000000000000000000000000000000000', '0000000000000000000'),
(379, 246, '0000000000000000000000000000000000000000000000000000000000000000000000000000000000000000000000000000000000000000000000000000000000000000000000000000000000000000000000000000000000000000', '0000000000000'),
(380, 585, '000000000000000000000000000000000000000000000000000000000000000000000000000000000000000000000000000000000000000000000000000000000000000000000000000000', '0000000000000'),
(381, 457, '000000000000000000000000000000000000000000000000000000000000000000000000000000000', '000000000'),
(382, 542, '000000000000000000000000000000000000000000000000000000000000000000000000000000000', '000000000'),
(383, 107, '000000000000000000000000000000000000000000000000000000000000000000000000000000000', '000000000'),
(384, 110, '0000000000000000000000000000000000000000000000000000000000000000000000000000000000000000000000000000000000000000000000000000000000000000000000000000000000000000000000000000000000000000000000000', '0000000000000000000000000000000000000'),
(385, 173, '00000000000000000000000000000000000000000000000000000000000000000000000000000000000000000000000000000000000000000000000000000000000000000000000000', '0000000000000'),
(386, 524, '000000000000000000000000000000000000000000000000000000000000000000000000000000000000000000000000000000000000000000000000000000000000000000000000000000', '0000000000000'),
(387, 90, '0000000000000000000000000000000000000000000000000000000000000000000000000000000000000000000000000000000000000000000000000000000000000000000000000000000000000000000000000000000000000000000000000', '0000000000000000000000000000000000000'),
(388, 225, '0000000000000000000000000000000000000000000000000000000000000000000000000000000000000000000000000000000000000000000000000000000000000000000000000000000000000000000000000', '0000000000000000000'),
(389, 456, '0000000000000000000000000000000000000000000000000000000000000000000000000000000000000000000000000000000000000000000000000000000000000000000000000000000000000000000000000', '0000000000000000000'),
(390, 259, '0000000000000000000000000000000000000000000000000000000000000000000000000000000000000000000000000000000000000000000000000000000000000000000000000000000000000000000000000', '0000000000000000000'),
(391, 170, '00000000000000000000000000000000000000000000000000000000000000000000000000000000000000000000000000000000000000000000000000000000000000000000000000', '0000000000000'),
(392, 158, '0000000000000000000000000000000000000000000000000000000000000000000000000000000000000000000000000000000000000000000000000000000000000000000000000000000000000000000000000', '0000000000000000000'),
(393, 109, '000000000000000000000000000000000000000000000000000000000000000000000000000000000000000000000000000000000000000000000000000000000000000000000000000000', '0000000000000'),
(394, 440, '000000000000000000000000000000000000000000000000000000000000000000000000000000000000000000000000000000000000000000000000000000000000000000000000000000', '0000000000000'),
(395, 182, '000000000000000000000000000000000000000000000000000000000000000000000000000000000000000000000000000000000000000000000000000000000000000000000000000000000', '0000000000000000000000000'),
(396, 547, '0000000000000000000000000000000000000000000000000000000000000000000000000000000000000000000000000000000000000000000000000000000000000000000000000000000000000000000000000000000000000000000000000', '0000000000000000000000000000000000000'),
(397, 490, '0000000000000000000000000000000000000000000000000000000000000000000000000000000000000000000000000000000000000000000000000000000000000000000000000000000000000000000000000000000000000000000000000', '0000000000000000000000000000000000000'),
(398, 379, '000000000000000000000000000000000000000000000000000000000000000000000000000000000000000000000000000000000000000000000000000000000000000000000000000000000', '0000000000000000000000000'),
(399, 83, '000000000000000000000000000000000000000000000000000000000000000000000000000000000000000000000000000000000000000000000000000000000000000000000000000000', '0000000000000'),
(400, 574, '000000000000000000000000000000000000000000000000000000000000000000000000000000000000000000000000000000000000000000000000000000000000000000000000000000', '0000000000000'),
(401, 344, '000000000000000000000000000000000000000000000000000000000000000000000000000000000000000000000000000000000000000000000000000', '0'),
(402, 536, '000000000000000000000000000000000000000000000000000000000000000000000000000000000', '000000000'),
(403, 580, '000000000000000000000000000000000000000000000000000000000000000000000000000000000000000000000000000000000000000000000000000000000000000000000000000000000', '0000000000000000000000000'),
(404, 394, '000000000000000000000000000000000000000000000000000000000000000000000000000000000000000000000000000000000000000000000000000000000000000000000000000000', '0000000000000'),
(405, 361, '000000000000000000000000000000000000000000000000000000000000000000000000000000000', '000000000'),
(406, 183, '00000000000000000000000000000000000000000000000000000000000000000000000000000000000000000000000000000000000000000000000000000000000000000000000000', '0000000000000'),
(407, 162, '000000000000000000000000000000000000000000000000000000000000000000000000000000000000000000000000000000000000000000000000000', '0'),
(408, 319, '000000000000000000000000000000000000000000000000000000000000000000000000000000000000000000000000000000000000000000000000000000000000000000000000000000000', '0000000000000000000000000'),
(409, 129, '00000000000000000000000000000000000000000000000000000000000000000000000000000000000000000000000000000000000000000000000000000000000000000000000000', '0000000000000'),
(410, 256, '000000000000000000000000000000000000000000000000000000000000000000000000000000000000000000000000000000000000000000000000000000000000000000000000000000000', '0000000000000000000000000'),
(411, 318, '00000000000000000000000000000000000000000000000000000000000000000000000000000000000000000000000000000000000000000000000000000000000000000000000000', '0000000000000'),
(412, 377, '000000000000000000000000000000000000000000000000000000000000000000000000000000000000000000000000000000000000000000000000000', '0'),
(413, 493, '000000000000000000000000000000000000000000000000000000000000000000000000000000000000000000000000000000000000000000000000000000000000000000000000000000000', '0000000000000000000000000'),
(414, 29, '0000000000000000000000000000000000000000000000000000000000000000000000000000000000000000000000000000000000000000000000000000000000000000000000000000000000000000000000000000000000000000000000000', '0000000000000000000000000000000000000'),
(415, 122, '0000000000000000000000000000000000000000000000000000000000000000000000000000000000000000000000000000000000000000000000000000000000000000000000000000000000000000000000000000000000000000000000000', '0000000000000000000000000000000000000'),
(416, 216, '000000000000000000000000000000000000000000000000000000000000000000000000000000000', '000000000'),
(417, 330, '00000000000000000000000000000000000000000000000000000000000000000000000000000000000000000000000000000000000000000000000000000000000000000000000000', '0000000000000'),
(418, 43, '000000000000000000000000000000000000000000000000000000000000000000000000000000000', '000000000'),
(419, 163, '0000000000000000000000000000000000000000000000000000000000000000000000000000000000000000000000000000000000000000000000000000000000000000000000000000000000000000000000000', '0000000000000000000'),
(420, 106, '00000000000000000000000000000000000000000000000000000000000000000000000000000000000000000000000000000000000000000000000000000000000000000000000000', '0000000000000'),
(421, 154, '000000000000000000000000000000000000000000000000000000000000000000000000000000000000000000000000000000000000000000000000000000000000000000000000000000', '0000000000000'),
(422, 590, '000000000000000000000000000000000000000000000000000000000000000000000000000000000000000000000000000000000000000000000000000', '0'),
(423, 452, '00000000000000000000000000000000000000000000000000000000000000000000000000000000000000000000000000000000000000000000000000000000000000000000000000', '0000000000000'),
(424, 329, '000000000000000000000000000000000000000000000000000000000000000000000000000000000', '000000000'),
(425, 453, '000000000000000000000000000000000000000000000000000000000000000000000000000000000', '000000000'),
(426, 415, '000000000000000000000000000000000000000000000000000000000000000000000000000000000000000000000000000000000000000000000000000000000000000000000000000000000', '0000000000000000000000000'),
(427, 255, '000000000000000000000000000000000000000000000000000000000000000000000000000000000000000000000000000000000000000000000000000', '0'),
(428, 567, '000000000000000000000000000000000000000000000000000000000000000000000000000000000000000000000000000000000000000000000000000000000000000000000000000000000', '0000000000000000000000000'),
(429, 552, '000000000000000000000000000000000000000000000000000000000000000000000000000000000', '000000000'),
(430, 144, '000000000000000000000000000000000000000000000000000000000000000000000000000000000000000000000000000000000000000000000000000000000000000000000000000000000', '0000000000000000000000000'),
(431, 157, '00000000000000000000000000000000000000000000000000000000000000000000000000000000000000000000000000000000000000000000000000000000000000000000000000', '0000000000000'),
(432, 341, '00000000000000000000000000000000000000000000000000000000000000000000000000000000000000000000000000000000000000000000000000000000000000000000000000', '0000000000000'),
(433, 96, '0000000000000000000000000000000000000000000000000000000000000000000000000000000000000000000000000000000000000000000000000000000000000000000000000000000000000000000000000000000000000000', '0000000000000'),
(434, 471, '000000000000000000000000000000000000000000000000000000000000000000000000000000000000000000000000000000000000000000000000000000000000000000000000000000', '0000000000000'),
(435, 41, '0000000000000000000000000000000000000000000000000000000000000000000000000000000000000000000000000000000000000000000000000000000000000000000000000000000000000000000000000', '0000000000000000000'),
(436, 455, '000000000000000000000000000000000000000000000000000000000000000000000000000000000000000000000000000000000000000000000000000000000000000000000000000000', '0000000000000'),
(437, 404, '0000000000000000000000000000000000000000000000000000000000000000000000000000000000000000000000000000000000000000000000000000000000000000000000000000000000000000000000000', '0000000000000000000'),
(438, 423, '000000000000000000000000000000000000000000000000000000000000000000000000000000000000000000000000000000000000000000000000000000000000000000000000000000', '0000000000000'),
(439, 343, '000000000000000000000000000000000000000000000000000000000000000000000000000000000000000000000000000000000000000000000000000000000000000000000000000000000', '0000000000000000000000000'),
(440, 402, '0000000000000000000000000000000000000000000000000000000000000000000000000000000000000000000000000000000000000000000000000000000000000000000000000000000000000000000000000000000000000000', '0000000000000'),
(441, 108, '000000000000000000000000000000000000000000000000000000000000000000000000000000000000000000000000000000000000000000000000000000000000000000000000000000000', '0000000000000000000000000'),
(442, 565, '000000000000000000000000000000000000000000000000000000000000000000000000000000000', '000000000'),
(443, 548, '000000000000000000000000000000000000000000000000000000000000000000000000000000000000000000000000000000000000000000000000000000000000000000000000000000000', '0000000000000000000000000'),
(444, 487, '0000000000000000000000000000000000000000000000000000000000000000000000000000000000000000000000000000000000000000000000000000000000000000000000000000000000000000000000000', '0000000000000000000'),
(445, 525, '0000000000000000000000000000000000000000000000000000000000000000000000000000000000000000000000000000000000000000000000000000000000000000000000000000000000000000000000000', '0000000000000000000'),
(446, 266, '00000000000000000000000000000000000000000000000000000000000000000000000000000000000000000000000000000000000000000000000000000000000000000000000000', '0000000000000'),
(447, 448, '000000000000000000000000000000000000000000000000000000000000000000000000000000000', '000000000'),
(448, 531, '0000000000000000000000000000000000000000000000000000000000000000000000000000000000000000000000000000000000000000000000000000000000000000000000000000000000000000000000000000000000000000', '0000000000000'),
(449, 308, '000000000000000000000000000000000000000000000000000000000000000000000000000000000000000000000000000000000000000000000000000000000000000000000000000000000', '0000000000000000000000000'),
(450, 562, '0000000000000000000000000000000000000000000000000000000000000000000000000000000000000000000000000000000000000000000000000000000000000000000000000000000000000000000000000000000000000000000000000', '0000000000000000000000000000000000000'),
(451, 336, '0000000000000000000000000000000000000000000000000000000000000000000000000000000000000000000000000000000000000000000000000000000000000000000000000000000000000000000000000', '0000000000000000000'),
(452, 497, '000000000000000000000000000000000000000000000000000000000000000000000000000000000000000000000000000000000000000000000000000000000000000000000000000000', '0000000000000'),
(453, 425, '000000000000000000000000000000000000000000000000000000000000000000000000000000000', '000000000'),
(454, 353, '0000000000000000000000000000000000000000000000000000000000000000000000000000000000000000000000000000000000000000000000000000000000000000000000000000000000000000000000000000000000000000000000000', '0000000000000000000000000000000000000'),
(455, 360, '0000000000000000000000000000000000000000000000000000000000000000000000000000000000000000000000000000000000000000000000000000000000000000000000000000000000000000000000000', '0000000000000000000'),
(456, 297, '0000000000000000000000000000000000000000000000000000000000000000000000000000000000000000000000000000000000000000000000000000000000000000000000000000000000000000000000000000000000000000', '0000000000000'),
(457, 520, '00000000000000000000000000000000000000000000000000000000000000000000000000000000000000000000000000000000000000000000000000000000000000000000000000', '0000000000000'),
(458, 324, '00000000000000000000000000000000000000000000000000000000000000000000000000000000000000000000000000000000000000000000000000000000000000000000000000', '0000000000000'),
(459, 509, '0000000000000000000000000000000000000000000000000000000000000000000000000000000000000000000000000000000000000000000000000000000000000000000000000000000000000000000000000', '0000000000000000000'),
(460, 278, '000000000000000000000000000000000000000000000000000000000000000000000000000000000000000000000000000000000000000000000000000', '0'),
(461, 103, '000000000000000000000000000000000000000000000000000000000000000000000000000000000000000000000000000000000000000000000000000', '0'),
(462, 263, '000000000000000000000000000000000000000000000000000000000000000000000000000000000000000000000000000000000000000000000000000', '0'),
(463, 307, '000000000000000000000000000000000000000000000000000000000000000000000000000000000000000000000000000000000000000000000000000000000000000000000000000000', '0000000000000'),
(464, 291, '0000000000000000000000000000000000000000000000000000000000000000000000000000000000000000000000000000000000000000000000000000000000000000000000000000000000000000000000000000000000000000', '0000000000000'),
(465, 334, '0000000000000000000000000000000000000000000000000000000000000000000000000000000000000000000000000000000000000000000000000000000000000000000000000000000000000000000000000000000000000000', '0000000000000'),
(466, 212, '0000000000000000000000000000000000000000000000000000000000000000000000000000000000000000000000000000000000000000000000000000000000000000000000000000000000000000000000000', '0000000000000000000'),
(467, 375, '0000000000000000000000000000000000000000000000000000000000000000000000000000000000000000000000000000000000000000000000000000000000000000000000000000000000000000000000000000000000000000000000000', '0000000000000000000000000000000000000'),
(468, 59, '0000000000000000000000000000000000000000000000000000000000000000000000000000000000000000000000000000000000000000000000000000000000000000000000000000000000000000000000000000000000000000000000000', '0000000000000000000000000000000000000'),
(469, 81, '000000000000000000000000000000000000000000000000000000000000000000000000000000000000000000000000000000000000000000000000000000000000000000000000000000000', '0000000000000000000000000'),
(470, 42, '0000000000000000000000000000000000000000000000000000000000000000000000000000000000000000000000000000000000000000000000000000000000000000000000000000000000000000000000000000000000000000000000000', '0000000000000000000000000000000000000'),
(471, 11, '000000000000000000000000000000000000000000000000000000000000000000000000000000000', '000000000'),
(472, 502, '0000000000000000000000000000000000000000000000000000000000000000000000000000000000000000000000000000000000000000000000000000000000000000000000000000000000000000000000000000000000000000000000000', '0000000000000000000000000000000000000'),
(473, 200, '000000000000000000000000000000000000000000000000000000000000000000000000000000000000000000000000000000000000000000000000000000000000000000000000000000000', '0000000000000000000000000'),
(474, 320, '00000000000000000000000000000000000000000000000000000000000000000000000000000000000000000000000000000000000000000000000000000000000000000000000000', '0000000000000'),
(475, 277, '0000000000000000000000000000000000000000000000000000000000000000000000000000000000000000000000000000000000000000000000000000000000000000000000000000000000000000000000000', '0000000000000000000'),
(476, 116, '0000000000000000000000000000000000000000000000000000000000000000000000000000000000000000000000000000000000000000000000000000000000000000000000000000000000000000000000000000000000000000', '0000000000000'),
(477, 286, '0000000000000000000000000000000000000000000000000000000000000000000000000000000000000000000000000000000000000000000000000000000000000000000000000000000000000000000000000000000000000000000000000', '0000000000000000000000000000000000000'),
(478, 265, '000000000000000000000000000000000000000000000000000000000000000000000000000000000000000000000000000000000000000000000000000', '0'),
(479, 545, '000000000000000000000000000000000000000000000000000000000000000000000000000000000000000000000000000000000000000000000000000000000000000000000000000000', '0000000000000'),
(480, 311, '000000000000000000000000000000000000000000000000000000000000000000000000000000000', '000000000'),
(481, 77, '000000000000000000000000000000000000000000000000000000000000000000000000000000000000000000000000000000000000000000000000000', '0'),
(482, 226, '000000000000000000000000000000000000000000000000000000000000000000000000000000000000000000000000000000000000000000000000000', '0'),
(483, 56, '0000000000000000000000000000000000000000000000000000000000000000000000000000000000000000000000000000000000000000000000000000000000000000000000000000000000000000000000000000000000000000', '0000000000000'),
(484, 593, '000000000000000000000000000000000000000000000000000000000000000000000000000000000', '000000000'),
(485, 594, '0000000000000000000000000000000000000000000000000000000000000000000000000000000000000000000000000000000000000000000000000000000000000000000000000000000000000000000000000000000000000000000000000', '0000000000000000000000000000000000000'),
(486, 539, '00000000000000000000000000000000000000000000000000000000000000000000000000000000000000000000000000000000000000000000000000000000000000000000000000', '0000000000000'),
(487, 513, '0000000000000000000000000000000000000000000000000000000000000000000000000000000000000000000000000000000000000000000000000000000000000000000000000000000000000000000000000', '0000000000000000000'),
(488, 426, '000000000000000000000000000000000000000000000000000000000000000000000000000000000000000000000000000000000000000000000000000000000000000000000000000000000', '0000000000000000000000000'),
(489, 126, '0000000000000000000000000000000000000000000000000000000000000000000000000000000000000000000000000000000000000000000000000000000000000000000000000000000000000000000000000000000000000000000000000', '0000000000000000000000000000000000000'),
(490, 427, '000000000000000000000000000000000000000000000000000000000000000000000000000000000000000000000000000000000000000000000000000000000000000000000000000000', '0000000000000'),
(491, 76, '000000000000000000000000000000000000000000000000000000000000000000000000000000000000000000000000000000000000000000000000000', '0'),
(492, 417, '0000000000000000000000000000000000000000000000000000000000000000000000000000000000000000000000000000000000000000000000000000000000000000000000000000000000000000000000000000000000000000', '0000000000000'),
(493, 104, '0000000000000000000000000000000000000000000000000000000000000000000000000000000000000000000000000000000000000000000000000000000000000000000000000000000000000000000000000000000000000000', '0000000000000'),
(494, 192, '000000000000000000000000000000000000000000000000000000000000000000000000000000000000000000000000000000000000000000000000000000000000000000000000000000', '0000000000000'),
(495, 464, '000000000000000000000000000000000000000000000000000000000000000000000000000000000000000000000000000000000000000000000000000000000000000000000000000000000', '0000000000000000000000000'),
(496, 331, '00000000000000000000000000000000000000000000000000000000000000000000000000000000000000000000000000000000000000000000000000000000000000000000000000', '0000000000000'),
(497, 53, '000000000000000000000000000000000000000000000000000000000000000000000000000000000', '000000000'),
(498, 405, '0000000000000000000000000000000000000000000000000000000000000000000000000000000000000000000000000000000000000000000000000000000000000000000000000000000000000000000000000000000000000000', '0000000000000'),
(499, 412, '0000000000000000000000000000000000000000000000000000000000000000000000000000000000000000000000000000000000000000000000000000000000000000000000000000000000000000000000000000000000000000', '0000000000000'),
(500, 478, '000000000000000000000000000000000000000000000000000000000000000000000000000000000000000000000000000000000000000000000000000000000000000000000000000000000', '0000000000000000000000000'),
(501, 328, '0000000000000000000000000000000000000000000000000000000000000000000000000000000000000000000000000000000000000000000000000000000000000000000000000000000000000000000000000000000000000000', '0000000000000'),
(502, 388, '000000000000000000000000000000000000000000000000000000000000000000000000000000000', '000000000'),
(503, 495, '000000000000000000000000000000000000000000000000000000000000000000000000000000000', '000000000'),
(504, 459, '000000000000000000000000000000000000000000000000000000000000000000000000000000000000000000000000000000000000000000000000000000000000000000000000000000000', '0000000000000000000000000'),
(505, 309, '000000000000000000000000000000000000000000000000000000000000000000000000000000000000000000000000000000000000000000000000000', '0'),
(506, 349, '0000000000000000000000000000000000000000000000000000000000000000000000000000000000000000000000000000000000000000000000000000000000000000000000000000000000000000000000000000000000000000000000000', '0000000000000000000000000000000000000'),
(507, 538, '000000000000000000000000000000000000000000000000000000000000000000000000000000000000000000000000000000000000000000000000000000000000000000000000000000000', '0000000000000000000000000'),
(508, 592, '00000000000000000000000000000000000000000000000000000000000000000000000000000000000000000000000000000000000000000000000000000000000000000000000000', '0000000000000'),
(509, 518, '000000000000000000000000000000000000000000000000000000000000000000000000000000000000000000000000000000000000000000000000000', '0'),
(510, 383, '000000000000000000000000000000000000000000000000000000000000000000000000000000000', '000000000'),
(511, 25, '000000000000000000000000000000000000000000000000000000000000000000000000000000000000000000000000000000000000000000000000000000000000000000000000000000000', '0000000000000000000000000'),
(512, 98, '000000000000000000000000000000000000000000000000000000000000000000000000000000000000000000000000000000000000000000000000000', '0'),
(513, 230, '00000000000000000000000000000000000000000000000000000000000000000000000000000000000000000000000000000000000000000000000000000000000000000000000000', '0000000000000'),
(514, 244, '0000000000000000000000000000000000000000000000000000000000000000000000000000000000000000000000000000000000000000000000000000000000000000000000000000000000000000000000000000000000000000', '0000000000000'),
(515, 373, '000000000000000000000000000000000000000000000000000000000000000000000000000000000000000000000000000000000000000000000000000', '0'),
(516, 566, '0000000000000000000000000000000000000000000000000000000000000000000000000000000000000000000000000000000000000000000000000000000000000000000000000000000000000000000000000000000000000000', '0000000000000'),
(517, 220, '000000000000000000000000000000000000000000000000000000000000000000000000000000000000000000000000000000000000000000000000000000000000000000000000000000000', '0000000000000000000000000'),
(518, 133, '000000000000000000000000000000000000000000000000000000000000000000000000000000000000000000000000000000000000000000000000000000000000000000000000000000', '0000000000000'),
(519, 48, '000000000000000000000000000000000000000000000000000000000000000000000000000000000000000000000000000000000000000000000000000', '0'),
(520, 382, '00000000000000000000000000000000000000000000000000000000000000000000000000000000000000000000000000000000000000000000000000000000000000000000000000', '0000000000000'),
(521, 556, '000000000000000000000000000000000000000000000000000000000000000000000000000000000000000000000000000000000000000000000000000', '0'),
(522, 153, '0000000000000000000000000000000000000000000000000000000000000000000000000000000000000000000000000000000000000000000000000000000000000000000000000000000000000000000000000', '0000000000000000000'),
(523, 12, '0000000000000000000000000000000000000000000000000000000000000000000000000000000000000000000000000000000000000000000000000000000000000000000000000000000000000000000000000000000000000000', '0000000000000'),
(524, 595, '0000000000000000000000000000000000000000000000000000000000000000000000000000000000000000000000000000000000000000000000000000000000000000000000000000000000000000000000000', '0000000000000000000'),
(525, 515, '000000000000000000000000000000000000000000000000000000000000000000000000000000000000000000000000000000000000000000000000000000000000000000000000000000000', '0000000000000000000000000'),
(526, 115, '0000000000000000000000000000000000000000000000000000000000000000000000000000000000000000000000000000000000000000000000000000000000000000000000000000000000000000000000000', '0000000000000000000'),
(527, 418, '0000000000000000000000000000000000000000000000000000000000000000000000000000000000000000000000000000000000000000000000000000000000000000000000000000000000000000000000000', '0000000000000000000'),
(528, 572, '00000000000000000000000000000000000000000000000000000000000000000000000000000000000000000000000000000000000000000000000000000000000000000000000000', '0000000000000'),
(529, 70, '00000000000000000000000000000000000000000000000000000000000000000000000000000000000000000000000000000000000000000000000000000000000000000000000000', '0000000000000'),
(530, 296, '0000000000000000000000000000000000000000000000000000000000000000000000000000000000000000000000000000000000000000000000000000000000000000000000000000000000000000000000000000000000000000000000000', '0000000000000000000000000000000000000'),
(531, 398, '0000000000000000000000000000000000000000000000000000000000000000000000000000000000000000000000000000000000000000000000000000000000000000000000000000000000000000000000000', '0000000000000000000'),
(532, 550, '000000000000000000000000000000000000000000000000000000000000000000000000000000000000000000000000000000000000000000000000000000000000000000000000000000000', '0000000000000000000000000'),
(533, 207, '0000000000000000000000000000000000000000000000000000000000000000000000000000000000000000000000000000000000000000000000000000000000000000000000000000000000000000000000000', '0000000000000000000'),
(534, 429, '0000000000000000000000000000000000000000000000000000000000000000000000000000000000000000000000000000000000000000000000000000000000000000000000000000000000000000000000000000000000000000', '0000000000000'),
(535, 422, '0000000000000000000000000000000000000000000000000000000000000000000000000000000000000000000000000000000000000000000000000000000000000000000000000000000000000000000000000000000000000000000000000', '0000000000000000000000000000000000000');
INSERT INTO `flightplace` (`id`, `flight_id`, `places_econom`, `places_business`) VALUES
(536, 189, '000000000000000000000000000000000000000000000000000000000000000000000000000000000000000000000000000000000000000000000000000000000000000000000000000000000', '0000000000000000000000000'),
(537, 146, '0000000000000000000000000000000000000000000000000000000000000000000000000000000000000000000000000000000000000000000000000000000000000000000000000000000000000000000000000000000000000000', '0000000000000'),
(538, 381, '00000000000000000000000000000000000000000000000000000000000000000000000000000000000000000000000000000000000000000000000000000000000000000000000000', '0000000000000'),
(539, 79, '00000000000000000000000000000000000000000000000000000000000000000000000000000000000000000000000000000000000000000000000000000000000000000000000000', '0000000000000'),
(540, 139, '0000000000000000000000000000000000000000000000000000000000000000000000000000000000000000000000000000000000000000000000000000000000000000000000000000000000000000000000000000000000000000000000000', '0000000000000000000000000000000000000'),
(541, 541, '0000000000000000000000000000000000000000000000000000000000000000000000000000000000000000000000000000000000000000000000000000000000000000000000000000000000000000000000000000000000000000', '0000000000000'),
(542, 370, '0000000000000000000000000000000000000000000000000000000000000000000000000000000000000000000000000000000000000000000000000000000000000000000000000000000000000000000000000000000000000000000000000', '0000000000000000000000000000000000000'),
(543, 280, '000000000000000000000000000000000000000000000000000000000000000000000000000000000', '000000000'),
(544, 19, '000000000000000000000000000000000000000000000000000000000000000000000000000000000000000000000000000000000000000000000000000', '0'),
(545, 51, '0000000000000000000000000000000000000000000000000000000000000000000000000000000000000000000000000000000000000000000000000000000000000000000000000000000000000000000000000', '0000000000000000000'),
(546, 54, '000000000000000000000000000000000000000000000000000000000000000000000000000000000000000000000000000000000000000000000000000', '0'),
(547, 57, '000000000000000000000000000000000000000000000000000000000000000000000000000000000000000000000000000000000000000000000000000', '0'),
(548, 578, '000000000000000000000000000000000000000000000000000000000000000000000000000000000000000000000000000000000000000000000000000', '0'),
(549, 134, '0000000000000000000000000000000000000000000000000000000000000000000000000000000000000000000000000000000000000000000000000000000000000000000000000000000000000000000000000', '0000000000000000000'),
(550, 557, '000000000000000000000000000000000000000000000000000000000000000000000000000000000000000000000000000000000000000000000000000', '0'),
(551, 194, '000000000000000000000000000000000000000000000000000000000000000000000000000000000000000000000000000000000000000000000000000000000000000000000000000000000', '0000000000000000000000000'),
(552, 202, '00000000000000000000000000000000000000000000000000000000000000000000000000000000000000000000000000000000000000000000000000000000000000000000000000', '0000000000000'),
(553, 124, '0000000000000000000000000000000000000000000000000000000000000000000000000000000000000000000000000000000000000000000000000000000000000000000000000000000000000000000000000000000000000000000000000', '0000000000000000000000000000000000000'),
(554, 368, '000000000000000000000000000000000000000000000000000000000000000000000000000000000000000000000000000000000000000000000000000000000000000000000000000000000', '0000000000000000000000000'),
(555, 397, '000000000000000000000000000000000000000000000000000000000000000000000000000000000000000000000000000000000000000000000000000000000000000000000000000000000', '0000000000000000000000000'),
(556, 60, '00000000000000000000000000000000000000000000000000000000000000000000000000000000000000000000000000000000000000000000000000000000000000000000000000', '0000000000000'),
(557, 476, '000000000000000000000000000000000000000000000000000000000000000000000000000000000000000000000000000000000000000000000000000', '0'),
(558, 217, '000000000000000000000000000000000000000000000000000000000000000000000000000000000', '000000000'),
(559, 123, '000000000000000000000000000000000000000000000000000000000000000000000000000000000000000000000000000000000000000000000000000', '0'),
(560, 248, '000000000000000000000000000000000000000000000000000000000000000000000000000000000', '000000000'),
(561, 302, '0000000000000000000000000000000000000000000000000000000000000000000000000000000000000000000000000000000000000000000000000000000000000000000000000000000000000000000000000000000000000000', '0000000000000'),
(562, 224, '0000000000000000000000000000000000000000000000000000000000000000000000000000000000000000000000000000000000000000000000000000000000000000000000000000000000000000000000000', '0000000000000000000'),
(563, 218, '0000000000000000000000000000000000000000000000000000000000000000000000000000000000000000000000000000000000000000000000000000000000000000000000000000000000000000000000000000000000000000', '0000000000000'),
(564, 517, '000000000000000000000000000000000000000000000000000000000000000000000000000000000000000000000000000000000000000000000000000000000000000000000000000000', '0000000000000'),
(565, 546, '000000000000000000000000000000000000000000000000000000000000000000000000000000000000000000000000000000000000000000000000000000000000000000000000000000', '0000000000000'),
(566, 589, '00000000000000000000000000000000000000000000000000000000000000000000000000000000000000000000000000000000000000000000000000000000000000000000000000', '0000000000000'),
(567, 366, '0000000000000000000000000000000000000000000000000000000000000000000000000000000000000000000000000000000000000000000000000000000000000000000000000000000000000000000000000000000000000000', '0000000000000'),
(568, 486, '000000000000000000000000000000000000000000000000000000000000000000000000000000000000000000000000000000000000000000000000000', '0'),
(569, 293, '000000000000000000000000000000000000000000000000000000000000000000000000000000000000000000000000000000000000000000000000000000000000000000000000000000000', '0000000000000000000000000'),
(570, 346, '00000000000000000000000000000000000000000000000000000000000000000000000000000000000000000000000000000000000000000000000000000000000000000000000000', '0000000000000'),
(571, 491, '000000000000000000000000000000000000000000000000000000000000000000000000000000000000000000000000000000000000000000000000000', '0'),
(572, 168, '000000000000000000000000000000000000000000000000000000000000000000000000000000000', '000000000'),
(573, 447, '000000000000000000000000000000000000000000000000000000000000000000000000000000000000000000000000000000000000000000000000000000000000000000000000000000000', '0000000000000000000000000'),
(574, 465, '00000000000000000000000000000000000000000000000000000000000000000000000000000000000000000000000000000000000000000000000000000000000000000000000000', '0000000000000'),
(575, 208, '0000000000000000000000000000000000000000000000000000000000000000000000000000000000000000000000000000000000000000000000000000000000000000000000000000000000000000000000000000000000000000000000000', '0000000000000000000000000000000000000'),
(576, 410, '0000000000000000000000000000000000000000000000000000000000000000000000000000000000000000000000000000000000000000000000000000000000000000000000000000000000000000000000000000000000000000', '0000000000000'),
(577, 93, '000000000000000000000000000000000000000000000000000000000000000000000000000000000000000000000000000000000000000000000000000000000000000000000000000000', '0000000000000'),
(578, 26, '000000000000000000000000000000000000000000000000000000000000000000000000000000000000000000000000000000000000000000000000000000000000000000000000000000', '0000000000000'),
(579, 262, '000000000000000000000000000000000000000000000000000000000000000000000000000000000000000000000000000000000000000000000000000000000000000000000000000000', '0000000000000'),
(580, 488, '0000000000000000000000000000000000000000000000000000000000000000000000000000000000000000000000000000000000000000000000000000000000000000000000000000000000000000000000000', '0000000000000000000'),
(581, 273, '000000000000000000000000000000000000000000000000000000000000000000000000000000000', '000000000'),
(582, 223, '000000000000000000000000000000000000000000000000000000000000000000000000000000000000000000000000000000000000000000000000000', '0'),
(583, 568, '000000000000000000000000000000000000000000000000000000000000000000000000000000000000000000000000000000000000000000000000000000000000000000000000000000', '0000000000000'),
(584, 288, '000000000000000000000000000000000000000000000000000000000000000000000000000000000', '000000000'),
(585, 69, '00000000000000000000000000000000000000000000000000000000000000000000000000000000000000000000000000000000000000000000000000000000000000000000000000', '0000000000000'),
(586, 527, '0000000000000000000000000000000000000000000000000000000000000000000000000000000000000000000000000000000000000000000000000000000000000000000000000000000000000000000000000000000000000000000000000', '0000000000000000000000000000000000000'),
(587, 36, '000000000000000000000000000000000000000000000000000000000000000000000000000000000000000000000000000000000000000000000000000000000000000000000000000000', '0000000000000'),
(588, 438, '000000000000000000000000000000000000000000000000000000000000000000000000000000000000000000000000000000000000000000000000000000000000000000000000000000000', '0000000000000000000000000'),
(589, 21, '000000000000000000000000000000000000000000000000000000000000000000000000000000000000000000000000000000000000000000000000000000000000000000000000000000000', '0000000000000000000000000'),
(590, 95, '000000000000000000000000000000000000000000000000000000000000000000000000000000000000000000000000000000000000000000000000000000000000000000000000000000000', '0000000000000000000000000'),
(591, 237, '0000000000000000000000000000000000000000000000000000000000000000000000000000000000000000000000000000000000000000000000000000000000000000000000000000000000000000000000000000000000000000000000000', '0000000000000000000000000000000000000'),
(592, 275, '0000000000000000000000000000000000000000000000000000000000000000000000000000000000000000000000000000000000000000000000000000000000000000000000000000000000000000000000000000000000000000', '0000000000000'),
(593, 130, '00000000000000000000000000000000000000000000000000000000000000000000000000000000000000000000000000000000000000000000000000000000000000000000000000', '0000000000000'),
(594, 140, '000000000000000000000000000000000000000000000000000000000000000000000000000000000000000000000000000000000000000000000000000', '0'),
(595, 205, '000000000000000000000000000000000000000000000000000000000000000000000000000000000', '000000000'),
(596, 445, '00000000000000000000000000000000000000000000000000000000000000000000000000000000000000000000000000000000000000000000000000000000000000000000000000', '0000000000000'),
(597, 323, '0000000000000000000000000000000000000000000000000000000000000000000000000000000000000000000000000000000000000000000000000000000000000000000000000000000000000000000000000000000000000000', '0000000000000'),
(598, 279, '00000000000000000000000000000000000000000000000000000000000000000000000000000000000000000000000000000000000000000000000000000000000000000000000000', '0000000000000'),
(599, 583, '000000000000000000000000000000000000000000000000000000000000000000000000000000000000000000000000000000000000000000000000000', '0'),
(600, 100, '000000000000000000000000000000000000000000000000000000000000000000000000000000000000000000000000000000000000000000000000000', '0');

-- --------------------------------------------------------

--
-- Table structure for table `invoice`
--

CREATE TABLE `invoice` (
  `id` bigint(20) NOT NULL,
  `account_id` bigint(20) NOT NULL,
  `status` varchar(20) DEFAULT NULL,
  `invoice_datetime` datetime DEFAULT NULL
) ENGINE=InnoDB DEFAULT CHARSET=latin1;

-- --------------------------------------------------------

--
-- Table structure for table `ticket`
--

CREATE TABLE `ticket` (
  `id` bigint(20) NOT NULL,
  `invoice_id` bigint(20) NOT NULL,
  `flight_id` bigint(20) NOT NULL,
  `passenger_name` varchar(100) NOT NULL,
  `passport` varchar(100) NOT NULL,
  `place` int(11) NOT NULL,
  `luggage` tinyint(1) DEFAULT '0',
  `business_class` tinyint(1) DEFAULT '0',
  `price` double NOT NULL
) ENGINE=InnoDB DEFAULT CHARSET=latin1;

--
-- Indexes for dumped tables
--

--
-- Indexes for table `account`
--
ALTER TABLE `account`
  ADD PRIMARY KEY (`id`);

--
-- Indexes for table `airplane`
--
ALTER TABLE `airplane`
  ADD PRIMARY KEY (`id`);

--
-- Indexes for table `airport`
--
ALTER TABLE `airport`
  ADD PRIMARY KEY (`id`);

--
-- Indexes for table `flight`
--
ALTER TABLE `flight`
  ADD PRIMARY KEY (`id`),
  ADD KEY `airplane_id` (`airplane_id`),
  ADD KEY `departure_airport_id` (`departure_airport_id`),
  ADD KEY `arrival_airport_id` (`arrival_airport_id`);

--
-- Indexes for table `flightplace`
--
ALTER TABLE `flightplace`
  ADD PRIMARY KEY (`id`),
  ADD KEY `flight_id` (`flight_id`);

--
-- Indexes for table `invoice`
--
ALTER TABLE `invoice`
  ADD PRIMARY KEY (`id`),
  ADD KEY `account_id` (`account_id`);

--
-- Indexes for table `ticket`
--
ALTER TABLE `ticket`
  ADD PRIMARY KEY (`id`),
  ADD KEY `invoice_id` (`invoice_id`),
  ADD KEY `flight_id` (`flight_id`);

--
-- AUTO_INCREMENT for dumped tables
--

--
-- AUTO_INCREMENT for table `account`
--
ALTER TABLE `account`
  MODIFY `id` bigint(20) NOT NULL AUTO_INCREMENT, AUTO_INCREMENT=3;
--
-- AUTO_INCREMENT for table `airplane`
--
ALTER TABLE `airplane`
  MODIFY `id` bigint(20) NOT NULL AUTO_INCREMENT, AUTO_INCREMENT=10;
--
-- AUTO_INCREMENT for table `airport`
--
ALTER TABLE `airport`
  MODIFY `id` bigint(20) NOT NULL AUTO_INCREMENT, AUTO_INCREMENT=267;
--
-- AUTO_INCREMENT for table `flight`
--
ALTER TABLE `flight`
  MODIFY `id` bigint(20) NOT NULL AUTO_INCREMENT, AUTO_INCREMENT=601;
--
-- AUTO_INCREMENT for table `flightplace`
--
ALTER TABLE `flightplace`
  MODIFY `id` bigint(20) NOT NULL AUTO_INCREMENT, AUTO_INCREMENT=601;
--
-- AUTO_INCREMENT for table `invoice`
--
ALTER TABLE `invoice`
  MODIFY `id` bigint(20) NOT NULL AUTO_INCREMENT;
--
-- AUTO_INCREMENT for table `ticket`
--
ALTER TABLE `ticket`
  MODIFY `id` bigint(20) NOT NULL AUTO_INCREMENT;
--
-- Constraints for dumped tables
--

--
-- Constraints for table `flight`
--
ALTER TABLE `flight`
  ADD CONSTRAINT `flight_ibfk_1` FOREIGN KEY (`airplane_id`) REFERENCES `airplane` (`id`),
  ADD CONSTRAINT `flight_ibfk_2` FOREIGN KEY (`departure_airport_id`) REFERENCES `airport` (`id`),
  ADD CONSTRAINT `flight_ibfk_3` FOREIGN KEY (`arrival_airport_id`) REFERENCES `airport` (`id`);

--
-- Constraints for table `flightplace`
--
ALTER TABLE `flightplace`
  ADD CONSTRAINT `flightplace_ibfk_1` FOREIGN KEY (`flight_id`) REFERENCES `flight` (`id`);

--
-- Constraints for table `invoice`
--
ALTER TABLE `invoice`
  ADD CONSTRAINT `invoice_ibfk_1` FOREIGN KEY (`account_id`) REFERENCES `account` (`id`);

--
-- Constraints for table `ticket`
--
ALTER TABLE `ticket`
  ADD CONSTRAINT `ticket_ibfk_1` FOREIGN KEY (`invoice_id`) REFERENCES `invoice` (`id`),
  ADD CONSTRAINT `ticket_ibfk_2` FOREIGN KEY (`flight_id`) REFERENCES `flight` (`id`);
COMMIT;

/*!40101 SET CHARACTER_SET_CLIENT=@OLD_CHARACTER_SET_CLIENT */;
/*!40101 SET CHARACTER_SET_RESULTS=@OLD_CHARACTER_SET_RESULTS */;
/*!40101 SET COLLATION_CONNECTION=@OLD_COLLATION_CONNECTION */;
